id,stage,parent_category,task_name,merge_group,merge_compatible,merge_strategy,merge_cap_tokens,pricing_basis,io_tokens_in_default,io_tokens_out_default,io_addon_merge_mode,io_addon_merge_ratio,io_can_batch,io_avg_chunk_tokens,users,qpm,tokens_in,tokens_out,corpus_gb,embed_model,refresh_rate,avg_chunk_tokens,num_queries,avg_query_tokens,source_type,classes,complexity_level,language_pairs,num_tools,chain_depth,avg_steps,eval_freq,metrics,model_profile.key,model_profile.tier,model_profile.context_window,model_profile.pricing_basis,model_profile.override_ok,model_band_min_key,model_band_max_key,infra_profile.hosting_type,infra_profile.hardware_hint,gpu_hourly_key,gpu_count_default,batch_size_default,ft_enabled,ft_cost_basis,ft_dataset_tokens,ft_expected_hours,availability_target,monitoring_tier_default,compliance_flag,notes,required_inputs,fine_tune.enabled,fine_tune.cost_basis,fine_tune.dataset_tokens,fine_tune.expected_hours
1,S0,Information Extraction & Structuring,Named Entity Recognition,S0_ie,FALSE,separate_only,,token,600,120,fixed,0,TRUE,,100,10,,,,,,,,,,,,,,,,,,anthropic/claude-3.5-haiku,small,200000,token,TRUE,anthropic/claude-3.5-haiku,anthropic/claude-3.5-sonnet,api,,,,,FALSE,,,,99,Basic,None,Schema-specific extraction; often separate step.,"users, qpm, tokens_in, tokens_out, schema_fields",FALSE,,,
2,S0,Information Extraction & Structuring,Keyphrase Extraction,S0_ie,FALSE,separate_only,,token,600,120,fixed,0,TRUE,,100,10,,,,,,,,,,,,,,,,,,mistral/mistral-medium,medium,32000,token,TRUE,mistral/mistral-medium-mini,mistral/mistral-medium,api,,,,,FALSE,,,,99,Basic,None,Schema-specific extraction; often separate step.,"users, qpm, tokens_in, tokens_out, schema_fields",FALSE,,,
3,S0,Information Extraction & Structuring,Regex-based Extraction,S0_ie,FALSE,separate_only,,token,600,120,fixed,0,TRUE,,100,10,,,,,,,,,,,,,,,,,,mistral/mistral-large,large,64000,token,TRUE,mistral/mistral-large-mini,mistral/mistral-large,api,,,,,FALSE,,,,99,Basic,None,Schema-specific extraction; often separate step.,"users, qpm, tokens_in, tokens_out, schema_fields",FALSE,,,
4,S0,Information Extraction & Structuring,PII Detection,S0_ie,FALSE,separate_only,,token,600,120,fixed,0,TRUE,,100,10,,,,,,,,,,,,,,,,,,cohere/command-r-plus,large,128000,token,TRUE,cohere/command-r-plus-mini,cohere/command-r-plus,api,,,,,FALSE,,,,99,Basic,None,Schema-specific extraction; often separate step.,"users, qpm, tokens_in, tokens_out, schema_fields",FALSE,,,
5,S0,Information Extraction & Structuring,Entity Linking,S0_ie,FALSE,separate_only,,token,600,120,fixed,0,TRUE,,100,10,,,,,,,,,,,,,,,,,,google/gemini-1.5-flash,small,1000000,token,TRUE,google/gemini-1.5-flash,google/ge-1.5-pro,api,,,,,FALSE,,,,99,Basic,None,Schema-specific extraction; often separate step.,"users, qpm, tokens_in, tokens_out, schema_fields",FALSE,,,
6,S0,Information Extraction & Structuring,Slot Filling,S0_ie,FALSE,separate_only,,token,600,120,fixed,0,TRUE,,100,10,,,,,,,,,,,,,,,,,,google/gemini-1.5-pro,large,1000000,token,TRUE,google/gemini-1.5-pro,google/ge-1.5-pro,api,,,,,FALSE,,,,99,Basic,None,Schema-specific extraction; often separate step.,"users, qpm, tokens_in, tokens_out, schema_fields",FALSE,,,
7,S0,Information Extraction & Structuring,Table Extraction (text→JSON),S0_ie,FALSE,separate_only,,token,600,120,fixed,0,TRUE,,100,10,,,,,,,,,,,,,,,,,,openai/gpt-4o-mini,medium,128000,token,TRUE,openai/gpt-4o-mini,openai/gpt-4o-,api,,,,,FALSE,,,,99,Basic,None,Schema-specific extraction; often separate step.,"users, qpm, tokens_in, tokens_out, schema_fields",FALSE,,,
8,S0,Information Extraction & Structuring,Date/Time Normalization,S0_ie,FALSE,separate_only,,token,600,120,fixed,0,TRUE,,100,10,,,,,,,,,,,,,,,,,,openai/gpt-4o,large,128000,token,TRUE,openai/gpt-4o-mini,openai/gpt-4o,api,,,,,FALSE,,,,99,Basic,None,Schema-specific extraction; often separate step.,"users, qpm, tokens_in, tokens_out, schema_fields",FALSE,,,
9,S0,Information Extraction & Structuring,Address Parsing,S0_ie,FALSE,separate_only,,token,600,120,fixed,0,TRUE,,100,10,,,,,,,,,,,,,,,,,,openai/gpt-4.1-mini,medium,200000,token,TRUE,openai/gpt-4.1-mini,openai/gpt-4.1-,api,,,,,FALSE,,,,99,Basic,None,Schema-specific extraction; often separate step.,"users, qpm, tokens_in, tokens_out, schema_fields",FALSE,,,
10,S0,Information Extraction & Structuring,Email/Phone Extraction,S0_ie,FALSE,separate_only,,token,600,120,fixed,0,TRUE,,100,10,,,,,,,,,,,,,,,,,,anthropic/claude-3.5-sonnet,large,200000,token,TRUE,anthropic/claude-3.5-sonnet-mini,anthropic/claude-3.5-sonnet,api,,,,,FALSE,,,,99,Basic,None,Schema-specific extraction; often separate step.,"users, qpm, tokens_in, tokens_out, schema_fields",FALSE,,,
11,S0,Information Extraction & Structuring,Product Attribute Extraction,S0_ie,FALSE,separate_only,,token,600,120,fixed,0,TRUE,,100,10,,,,,,,,,,,,,,,,,,anthropic/claude-3.5-haiku,small,200000,token,TRUE,anthropic/claude-3.5-haiku,anthropic/claude-3.5-sonnet,api,,,,,FALSE,,,,99,Basic,None,Schema-specific extraction; often separate step.,"users, qpm, tokens_in, tokens_out, schema_fields",FALSE,,,
12,S0,Information Extraction & Structuring,Intent + Entity Extraction,S0_ie,FALSE,separate_only,,token,600,120,fixed,0,TRUE,,100,10,,,,,,,,,,,,,,,,,,mistral/mistral-medium,medium,32000,token,TRUE,mistral/mistral-medium-mini,mistral/mistral-medium,api,,,,,FALSE,,,,99,Basic,None,Schema-specific extraction; often separate step.,"users, qpm, tokens_in, tokens_out, schema_fields",FALSE,,,
13,S0,Information Extraction & Structuring,Custom Schema Extraction,S0_ie,FALSE,separate_only,,token,600,120,fixed,0,TRUE,,100,10,,,,,,,,,,,,,,,,,,mistral/mistral-large,large,64000,token,TRUE,mistral/mistral-large-mini,mistral/mistral-large,api,,,,,FALSE,,,,99,Basic,None,Schema-specific extraction; often separate step.,"users, qpm, tokens_in, tokens_out, schema_fields",FALSE,,,
14,S0,Information Extraction & Structuring,Invoice Field Extraction,S0_ie,FALSE,separate_only,,token,600,120,fixed,0,TRUE,,100,10,,,,,,,,,,,,,,,,,,cohere/command-r-plus,large,128000,token,TRUE,cohere/command-r-plus-mini,cohere/command-r-plus,api,,,,,FALSE,,,,99,Basic,None,Schema-specific extraction; often separate step.,"users, qpm, tokens_in, tokens_out, schema_fields",FALSE,,,
15,S0,Information Extraction & Structuring,Resume Field Extraction,S0_ie,FALSE,separate_only,,token,600,120,fixed,0,TRUE,,100,10,,,,,,,,,,,,,,,,,,google/gemini-1.5-flash,small,1000000,token,TRUE,google/gemini-1.5-flash,google/ge-1.5-pro,api,,,,,FALSE,,,,99,Basic,None,Schema-specific extraction; often separate step.,"users, qpm, tokens_in, tokens_out, schema_fields",FALSE,,,
16,S0,Information Extraction & Structuring,Medical Entity Extraction,S0_ie,FALSE,separate_only,,token,600,120,fixed,0,TRUE,,100,10,,,,,,,,,,,,,,,,,,google/gemini-1.5-pro,large,1000000,token,TRUE,google/gemini-1.5-pro,google/ge-1.5-pro,api,,,,,FALSE,,,,99,Basic,None,Schema-specific extraction; often separate step.,"users, qpm, tokens_in, tokens_out, schema_fields",FALSE,,,
17,S0,Information Extraction & Structuring,Legal Clause Extraction,S0_ie,FALSE,separate_only,,token,600,120,fixed,0,TRUE,,100,10,,,,,,,,,,,,,,,,,,openai/gpt-4o-mini,medium,128000,token,TRUE,openai/gpt-4o-mini,openai/gpt-4o-,api,,,,,FALSE,,,,99,Basic,None,Schema-specific extraction; often separate step.,"users, qpm, tokens_in, tokens_out, schema_fields",FALSE,,,
18,S0,Text Cleaning & Normalization,Spelling Correction,S0_clean,TRUE,sum_tokens,,token,300,50,proportional,0.1,TRUE,,100,20,,,,,,,,,,,,,,,,,,openai/gpt-4o-mini,medium,128000,token,TRUE,openai/gpt-4o-mini,openai/gpt-4o-,api,,,,,FALSE,,,,99,Basic,None,Often merged with translation/rewriting; minimal latency.,"users, qpm, tokens_in, tokens_out",FALSE,,,
19,S0,Text Cleaning & Normalization,Grammar Fix,S0_clean,TRUE,sum_tokens,,token,300,50,proportional,0.1,TRUE,,100,20,,,,,,,,,,,,,,,,,,openai/gpt-4o,large,128000,token,TRUE,openai/gpt-4o-mini,openai/gpt-4o,api,,,,,FALSE,,,,99,Basic,None,Often merged with translation/rewriting; minimal latency.,"users, qpm, tokens_in, tokens_out",FALSE,,,
20,S0,Text Cleaning & Normalization,Punctuation Normalization,S0_clean,TRUE,sum_tokens,,token,300,50,proportional,0.1,TRUE,,100,20,,,,,,,,,,,,,,,,,,openai/gpt-4.1-mini,medium,200000,token,TRUE,openai/gpt-4.1-mini,openai/gpt-4.1-,api,,,,,FALSE,,,,99,Basic,None,Often merged with translation/rewriting; minimal latency.,"users, qpm, tokens_in, tokens_out",FALSE,,,
21,S0,Text Cleaning & Normalization,Lowercasing,S0_clean,TRUE,sum_tokens,,token,300,50,proportional,0.1,TRUE,,100,20,,,,,,,,,,,,,,,,,,anthropic/claude-3.5-sonnet,large,200000,token,TRUE,anthropic/claude-3.5-sonnet-mini,anthropic/claude-3.5-sonnet,api,,,,,FALSE,,,,99,Basic,None,Often merged with translation/rewriting; minimal latency.,"users, qpm, tokens_in, tokens_out",FALSE,,,
22,S0,Text Cleaning & Normalization,Stopword Removal,S0_clean,TRUE,sum_tokens,,token,300,50,proportional,0.1,TRUE,,100,20,,,,,,,,,,,,,,,,,,anthropic/claude-3.5-haiku,small,200000,token,TRUE,anthropic/claude-3.5-haiku,anthropic/claude-3.5-sonnet,api,,,,,FALSE,,,,99,Basic,None,Often merged with translation/rewriting; minimal latency.,"users, qpm, tokens_in, tokens_out",FALSE,,,
23,S0,Text Cleaning & Normalization,Profanity Filter,S0_clean,TRUE,sum_tokens,,token,300,50,proportional,0.1,TRUE,,100,20,,,,,,,,,,,,,,,,,,mistral/mistral-medium,medium,32000,token,TRUE,mistral/mistral-medium-mini,mistral/mistral-medium,api,,,,,FALSE,,,,99,Basic,None,Often merged with translation/rewriting; minimal latency.,"users, qpm, tokens_in, tokens_out",FALSE,,,
24,S0,Text Cleaning & Normalization,PII Redaction,S0_clean,TRUE,sum_tokens,,token,300,50,proportional,0.1,TRUE,,100,20,,,,,,,,,,,,,,,,,,mistral/mistral-large,large,64000,token,TRUE,mistral/mistral-large-mini,mistral/mistral-large,api,,,,,FALSE,,,,99,Basic,None,Often merged with translation/rewriting; minimal latency.,"users, qpm, tokens_in, tokens_out",FALSE,,,
25,S0,Text Cleaning & Normalization,De-duplication,S0_clean,TRUE,sum_tokens,,token,300,50,proportional,0.1,TRUE,,100,20,,,,,,,,,,,,,,,,,,cohere/command-r-plus,large,128000,token,TRUE,cohere/command-r-plus-mini,cohere/command-r-plus,api,,,,,FALSE,,,,99,Basic,None,Often merged with translation/rewriting; minimal latency.,"users, qpm, tokens_in, tokens_out",FALSE,,,
26,S0,Text Cleaning & Normalization,Whitespace Normalization,S0_clean,TRUE,sum_tokens,,token,300,50,proportional,0.1,TRUE,,100,20,,,,,,,,,,,,,,,,,,google/gemini-1.5-flash,small,1000000,token,TRUE,google/gemini-1.5-flash,google/ge-1.5-pro,api,,,,,FALSE,,,,99,Basic,None,Often merged with translation/rewriting; minimal latency.,"users, qpm, tokens_in, tokens_out",FALSE,,,
27,S0,Text Cleaning & Normalization,Sentence Splitting,S0_clean,TRUE,sum_tokens,,token,300,50,proportional,0.1,TRUE,,100,20,,,,,,,,,,,,,,,,,,google/gemini-1.5-pro,large,1000000,token,TRUE,google/gemini-1.5-pro,google/ge-1.5-pro,api,,,,,FALSE,,,,99,Basic,None,Often merged with translation/rewriting; minimal latency.,"users, qpm, tokens_in, tokens_out",FALSE,,,
28,S0,Text Cleaning & Normalization,URL Cleanup,S0_clean,TRUE,sum_tokens,,token,300,50,proportional,0.1,TRUE,,100,20,,,,,,,,,,,,,,,,,,openai/gpt-4o-mini,medium,128000,token,TRUE,openai/gpt-4o-mini,openai/gpt-4o-,api,,,,,FALSE,,,,99,Basic,None,Often merged with translation/rewriting; minimal latency.,"users, qpm, tokens_in, tokens_out",FALSE,,,
29,S0,Text Cleaning & Normalization,Emoji Stripping,S0_clean,TRUE,sum_tokens,,token,300,50,proportional,0.1,TRUE,,100,20,,,,,,,,,,,,,,,,,,openai/gpt-4o,large,128000,token,TRUE,openai/gpt-4o-mini,openai/gpt-4o,api,,,,,FALSE,,,,99,Basic,None,Often merged with translation/rewriting; minimal latency.,"users, qpm, tokens_in, tokens_out",FALSE,,,
30,S0,Text Cleaning & Normalization,OCR Noise Cleanup,S0_clean,TRUE,sum_tokens,,token,300,50,proportional,0.1,TRUE,,100,20,,,,,,,,,,,,,,,,,,openai/gpt-4.1-mini,medium,200000,token,TRUE,openai/gpt-4.1-mini,openai/gpt-4.1-,api,,,,,FALSE,,,,99,Basic,None,Often merged with translation/rewriting; minimal latency.,"users, qpm, tokens_in, tokens_out",FALSE,,,
31,S0,Text Cleaning & Normalization,Tokenization,S0_clean,TRUE,sum_tokens,,token,300,50,proportional,0.1,TRUE,,100,20,,,,,,,,,,,,,,,,,,anthropic/claude-3.5-sonnet,large,200000,token,TRUE,anthropic/claude-3.5-sonnet-mini,anthropic/claude-3.5-sonnet,api,,,,,FALSE,,,,99,Basic,None,Often merged with translation/rewriting; minimal latency.,"users, qpm, tokens_in, tokens_out",FALSE,,,
32,S0,Text Cleaning & Normalization,Noise Reduction,S0_clean,TRUE,sum_tokens,,token,300,50,proportional,0.1,TRUE,,100,20,,,,,,,,,,,,,,,,,,anthropic/claude-3.5-haiku,small,200000,token,TRUE,anthropic/claude-3.5-haiku,anthropic/claude-3.5-sonnet,api,,,,,FALSE,,,,99,Basic,None,Often merged with translation/rewriting; minimal latency.,"users, qpm, tokens_in, tokens_out",FALSE,,,
33,S0,Text Cleaning & Normalization,Dialect Normalization,S0_clean,TRUE,sum_tokens,,token,300,50,proportional,0.1,TRUE,,100,20,,,,,,,,,,,,,,,,,,mistral/mistral-medium,medium,32000,token,TRUE,mistral/mistral-medium-mini,mistral/mistral-medium,api,,,,,FALSE,,,,99,Basic,None,Often merged with translation/rewriting; minimal latency.,"users, qpm, tokens_in, tokens_out",FALSE,,,
34,S0,Text Cleaning & Normalization,Brand Name Standardization,S0_clean,TRUE,sum_tokens,,token,300,50,proportional,0.1,TRUE,,100,20,,,,,,,,,,,,,,,,,,mistral/mistral-large,large,64000,token,TRUE,mistral/mistral-large-mini,mistral/mistral-large,api,,,,,FALSE,,,,99,Basic,None,Often merged with translation/rewriting; minimal latency.,"users, qpm, tokens_in, tokens_out",FALSE,,,
35,S0,Translation & Language Adaptation,Machine Translation (xx→en),S0_translate,TRUE,sum_tokens,,token,500,500,proportional,0.15,FALSE,,100,20,,,,,,,,,,,,auto→en,,,,,,cohere/command-r-plus,large,128000,token,TRUE,cohere/command-r-plus-mini,cohere/command-r-plus,api,,,,,FALSE,,,,99,Basic,None,Supports glossary; merges with S0_clean under MIN.,"users, qpm, tokens_in, tokens_out, language_pairs",FALSE,,,
36,S0,Translation & Language Adaptation,Machine Translation (en→xx),S0_translate,TRUE,sum_tokens,,token,500,500,proportional,0.15,FALSE,,100,20,,,,,,,,,,,,auto→en,,,,,,google/gemini-1.5-flash,small,1000000,token,TRUE,google/gemini-1.5-flash,google/ge-1.5-pro,api,,,,,FALSE,,,,99,Basic,None,Supports glossary; merges with S0_clean under MIN.,"users, qpm, tokens_in, tokens_out, language_pairs",FALSE,,,
37,S0,Translation & Language Adaptation,Tone Adaptation,S0_translate,TRUE,sum_tokens,,token,500,500,proportional,0.15,FALSE,,100,20,,,,,,,,,,,,auto→en,,,,,,google/gemini-1.5-pro,large,1000000,token,TRUE,google/gemini-1.5-pro,google/ge-1.5-pro,api,,,,,FALSE,,,,99,Basic,None,Supports glossary; merges with S0_clean under MIN.,"users, qpm, tokens_in, tokens_out, language_pairs",FALSE,,,
38,S0,Translation & Language Adaptation,Style Transfer,S0_translate,TRUE,sum_tokens,,token,500,500,proportional,0.15,FALSE,,100,20,,,,,,,,,,,,auto→en,,,,,,openai/gpt-4o-mini,medium,128000,token,TRUE,openai/gpt-4o-mini,openai/gpt-4o-,api,,,,,FALSE,,,,99,Basic,None,Supports glossary; merges with S0_clean under MIN.,"users, qpm, tokens_in, tokens_out, language_pairs",FALSE,,,
39,S0,Translation & Language Adaptation,Formalization,S0_translate,TRUE,sum_tokens,,token,500,500,proportional,0.15,FALSE,,100,20,,,,,,,,,,,,auto→en,,,,,,openai/gpt-4o,large,128000,token,TRUE,openai/gpt-4o-mini,openai/gpt-4o,api,,,,,FALSE,,,,99,Basic,None,Supports glossary; merges with S0_clean under MIN.,"users, qpm, tokens_in, tokens_out, language_pairs",FALSE,,,
40,S0,Translation & Language Adaptation,Casualization,S0_translate,TRUE,sum_tokens,,token,500,500,proportional,0.15,FALSE,,100,20,,,,,,,,,,,,auto→en,,,,,,openai/gpt-4.1-mini,medium,200000,token,TRUE,openai/gpt-4.1-mini,openai/gpt-4.1-,api,,,,,FALSE,,,,99,Basic,None,Supports glossary; merges with S0_clean under MIN.,"users, qpm, tokens_in, tokens_out, language_pairs",FALSE,,,
41,S0,Translation & Language Adaptation,Localization,S0_translate,TRUE,sum_tokens,,token,500,500,proportional,0.15,FALSE,,100,20,,,,,,,,,,,,auto→en,,,,,,anthropic/claude-3.5-sonnet,large,200000,token,TRUE,anthropic/claude-3.5-sonnet-mini,anthropic/claude-3.5-sonnet,api,,,,,FALSE,,,,99,Basic,None,Supports glossary; merges with S0_clean under MIN.,"users, qpm, tokens_in, tokens_out, language_pairs",FALSE,,,
42,S0,Translation & Language Adaptation,Gender-Neutral Rewrite,S0_translate,TRUE,sum_tokens,,token,500,500,proportional,0.15,FALSE,,100,20,,,,,,,,,,,,auto→en,,,,,,anthropic/claude-3.5-haiku,small,200000,token,TRUE,anthropic/claude-3.5-haiku,anthropic/claude-3.5-sonnet,api,,,,,FALSE,,,,99,Basic,None,Supports glossary; merges with S0_clean under MIN.,"users, qpm, tokens_in, tokens_out, language_pairs",FALSE,,,
43,S0,Translation & Language Adaptation,Terminology Harmonization,S0_translate,TRUE,sum_tokens,,token,500,500,proportional,0.15,FALSE,,100,20,,,,,,,,,,,,auto→en,,,,,,mistral/mistral-medium,medium,32000,token,TRUE,mistral/mistral-medium-mini,mistral/mistral-medium,api,,,,,FALSE,,,,99,Basic,None,Supports glossary; merges with S0_clean under MIN.,"users, qpm, tokens_in, tokens_out, language_pairs",FALSE,,,
44,S0,Translation & Language Adaptation,Region-Specific Adaptation,S0_translate,TRUE,sum_tokens,,token,500,500,proportional,0.15,FALSE,,100,20,,,,,,,,,,,,auto→en,,,,,,mistral/mistral-large,large,64000,token,TRUE,mistral/mistral-large-mini,mistral/mistral-large,api,,,,,FALSE,,,,99,Basic,None,Supports glossary; merges with S0_clean under MIN.,"users, qpm, tokens_in, tokens_out, language_pairs",FALSE,,,
45,S0,Translation & Language Adaptation,Language Detection + Route,S0_translate,TRUE,sum_tokens,,token,500,500,proportional,0.15,FALSE,,100,20,,,,,,,,,,,,auto→en,,,,,,cohere/command-r-plus,large,128000,token,TRUE,cohere/command-r-plus-mini,cohere/command-r-plus,api,,,,,FALSE,,,,99,Basic,None,Supports glossary; merges with S0_clean under MIN.,"users, qpm, tokens_in, tokens_out, language_pairs",FALSE,,,
46,S0,Translation & Language Adaptation,Bilingual Alignment,S0_translate,TRUE,sum_tokens,,token,500,500,proportional,0.15,FALSE,,100,20,,,,,,,,,,,,auto→en,,,,,,google/gemini-1.5-flash,small,1000000,token,TRUE,google/gemini-1.5-flash,google/ge-1.5-pro,api,,,,,FALSE,,,,99,Basic,None,Supports glossary; merges with S0_clean under MIN.,"users, qpm, tokens_in, tokens_out, language_pairs",FALSE,,,
47,S0,Translation & Language Adaptation,Transliteration,S0_translate,TRUE,sum_tokens,,token,500,500,proportional,0.15,FALSE,,100,20,,,,,,,,,,,,auto→en,,,,,,google/gemini-1.5-pro,large,1000000,token,TRUE,google/gemini-1.5-pro,google/ge-1.5-pro,api,,,,,FALSE,,,,99,Basic,None,Supports glossary; merges with S0_clean under MIN.,"users, qpm, tokens_in, tokens_out, language_pairs",FALSE,,,
48,S0,Translation & Language Adaptation,Domain-Adapted MT,S0_translate,TRUE,sum_tokens,,token,500,500,proportional,0.15,FALSE,,100,20,,,,,,,,,,,,auto→en,,,,,,openai/gpt-4o-mini,medium,128000,token,TRUE,openai/gpt-4o-mini,openai/gpt-4o-,api,,,,,FALSE,,,,99,Basic,None,Supports glossary; merges with S0_clean under MIN.,"users, qpm, tokens_in, tokens_out, language_pairs",FALSE,,,
49,S0,Translation & Language Adaptation,Glossary-Enforced MT,S0_translate,TRUE,sum_tokens,,token,500,500,proportional,0.15,FALSE,,100,20,,,,,,,,,,,,auto→en,,,,,,openai/gpt-4o,large,128000,token,TRUE,openai/gpt-4o-mini,openai/gpt-4o,api,,,,,FALSE,,,,99,Basic,None,Supports glossary; merges with S0_clean under MIN.,"users, qpm, tokens_in, tokens_out, language_pairs",FALSE,,,
50,S0,Translation & Language Adaptation,Back-Translation,S0_translate,TRUE,sum_tokens,,token,500,500,proportional,0.15,FALSE,,100,20,,,,,,,,,,,,auto→en,,,,,,openai/gpt-4.1-mini,medium,200000,token,TRUE,openai/gpt-4.1-mini,openai/gpt-4.1-,api,,,,,FALSE,,,,99,Basic,None,Supports glossary; merges with S0_clean under MIN.,"users, qpm, tokens_in, tokens_out, language_pairs",FALSE,,,
51,S0,Translation & Language Adaptation,Pivot Translation,S0_translate,TRUE,sum_tokens,,token,500,500,proportional,0.15,FALSE,,100,20,,,,,,,,,,,,auto→en,,,,,,anthropic/claude-3.5-sonnet,large,200000,token,TRUE,anthropic/claude-3.5-sonnet-mini,anthropic/claude-3.5-sonnet,api,,,,,FALSE,,,,99,Basic,None,Supports glossary; merges with S0_clean under MIN.,"users, qpm, tokens_in, tokens_out, language_pairs",FALSE,,,
52,S1,Database / Knowledge Access,SQL Generation,S1_db,FALSE,separate_only,,api_call,200,120,separate_only,0,TRUE,,,,,,,,,,1000,200,postgres,,,,,,,,,google/gemini-1.5-flash,small,1000000,api_call,TRUE,google/gemini-1.5-flash,google/ge-1.5-pro,api,,,,,FALSE,,,,99,Standard,None,SQL costs per call; may co-exist with RAG (hybrid).,"num_queries, avg_query_tokens, source_type",FALSE,,,
53,S1,Database / Knowledge Access,SQL Execution (read),S1_db,FALSE,separate_only,,api_call,200,120,separate_only,0,TRUE,,,,,,,,,,1000,200,postgres,,,,,,,,,google/gemini-1.5-pro,large,1000000,api_call,TRUE,google/gemini-1.5-pro,google/ge-1.5-pro,cloud,,,,,FALSE,,,,99,Standard,None,SQL costs per call; may co-exist with RAG (hybrid).,"num_queries, avg_query_tokens, source_type",FALSE,,,
54,S1,Database / Knowledge Access,SQL Execution (write),S1_db,FALSE,separate_only,,api_call,200,120,separate_only,0,TRUE,,,,,,,,,,1000,200,postgres,,,,,,,,,openai/gpt-4o-mini,medium,128000,api_call,TRUE,openai/gpt-4o-mini,openai/gpt-4o-,api,,,,,FALSE,,,,99,Standard,None,SQL costs per call; may co-exist with RAG (hybrid).,"num_queries, avg_query_tokens, source_type",FALSE,,,
55,S1,Database / Knowledge Access,Table Q&A,S1_db,FALSE,separate_only,,api_call,200,120,separate_only,0,TRUE,,,,,,,,,,1000,200,postgres,,,,,,,,,openai/gpt-4o,large,128000,api_call,TRUE,openai/gpt-4o-mini,openai/gpt-4o,api,,,,,FALSE,,,,99,Standard,None,SQL costs per call; may co-exist with RAG (hybrid).,"num_queries, avg_query_tokens, source_type",FALSE,,,
56,S1,Database / Knowledge Access,Schema Inference,S1_db,FALSE,separate_only,,api_call,200,120,separate_only,0,TRUE,,,,,,,,,,1000,200,postgres,,,,,,,,,openai/gpt-4.1-mini,medium,200000,api_call,TRUE,openai/gpt-4.1-mini,openai/gpt-4.1-,api,,,,,FALSE,,,,99,Standard,None,SQL costs per call; may co-exist with RAG (hybrid).,"num_queries, avg_query_tokens, source_type",FALSE,,,
57,S1,Database / Knowledge Access,Join Strategy Suggestion,S1_db,FALSE,separate_only,,api_call,200,120,separate_only,0,TRUE,,,,,,,,,,1000,200,postgres,,,,,,,,,anthropic/claude-3.5-sonnet,large,200000,api_call,TRUE,anthropic/claude-3.5-sonnet-mini,anthropic/claude-3.5-sonnet,api,,,,,FALSE,,,,99,Standard,None,SQL costs per call; may co-exist with RAG (hybrid).,"num_queries, avg_query_tokens, source_type",FALSE,,,
58,S1,Database / Knowledge Access,Aggregate Report Query,S1_db,FALSE,separate_only,,api_call,200,120,separate_only,0,TRUE,,,,,,,,,,1000,200,postgres,,,,,,,,,anthropic/claude-3.5-haiku,small,200000,api_call,TRUE,anthropic/claude-3.5-haiku,anthropic/claude-3.5-sonnet,api,,,,,FALSE,,,,99,Standard,None,SQL costs per call; may co-exist with RAG (hybrid).,"num_queries, avg_query_tokens, source_type",FALSE,,,
59,S1,Database / Knowledge Access,Anomaly Query Builder,S1_db,FALSE,separate_only,,api_call,200,120,separate_only,0,TRUE,,,,,,,,,,1000,200,postgres,,,,,,,,,mistral/mistral-medium,medium,32000,api_call,TRUE,mistral/mistral-medium-mini,mistral/mistral-medium,api,,,,,FALSE,,,,99,Standard,None,SQL costs per call; may co-exist with RAG (hybrid).,"num_queries, avg_query_tokens, source_type",FALSE,,,
60,S1,Database / Knowledge Access,Time-Series Query Builder,S1_db,FALSE,separate_only,,api_call,200,120,separate_only,0,TRUE,,,,,,,,,,1000,200,postgres,,,,,,,,,mistral/mistral-large,large,64000,api_call,TRUE,mistral/mistral-large-mini,mistral/mistral-large,api,,,,,FALSE,,,,99,Standard,None,SQL costs per call; may co-exist with RAG (hybrid).,"num_queries, avg_query_tokens, source_type",FALSE,,,
61,S1,Database / Knowledge Access,Materialized View Suggestion,S1_db,FALSE,separate_only,,api_call,200,120,separate_only,0,TRUE,,,,,,,,,,1000,200,postgres,,,,,,,,,cohere/command-r-plus,large,128000,api_call,TRUE,cohere/command-r-plus-mini,cohere/command-r-plus,api,,,,,FALSE,,,,99,Standard,None,SQL costs per call; may co-exist with RAG (hybrid).,"num_queries, avg_query_tokens, source_type",FALSE,,,
62,S1,Database / Knowledge Access,Query Plan Explanation,S1_db,FALSE,separate_only,,api_call,200,120,separate_only,0,TRUE,,,,,,,,,,1000,200,postgres,,,,,,,,,google/gemini-1.5-flash,small,1000000,api_call,TRUE,google/gemini-1.5-flash,google/ge-1.5-pro,api,,,,,FALSE,,,,99,Standard,None,SQL costs per call; may co-exist with RAG (hybrid).,"num_queries, avg_query_tokens, source_type",FALSE,,,
63,S1,Database / Knowledge Access,Data Quality Check Query,S1_db,FALSE,separate_only,,api_call,200,120,separate_only,0,TRUE,,,,,,,,,,1000,200,postgres,,,,,,,,,google/gemini-1.5-pro,large,1000000,api_call,TRUE,google/gemini-1.5-pro,google/ge-1.5-pro,cloud,,,,,FALSE,,,,99,Standard,None,SQL costs per call; may co-exist with RAG (hybrid).,"num_queries, avg_query_tokens, source_type",FALSE,,,
64,S1,Database / Knowledge Access,Row-Level Security Check,S1_db,FALSE,separate_only,,api_call,200,120,separate_only,0,TRUE,,,,,,,,,,1000,200,postgres,,,,,,,,,openai/gpt-4o-mini,medium,128000,api_call,TRUE,openai/gpt-4o-mini,openai/gpt-4o-,api,,,,,FALSE,,,,99,Standard,None,SQL costs per call; may co-exist with RAG (hybrid).,"num_queries, avg_query_tokens, source_type",FALSE,,,
65,S1,Database / Knowledge Access,Hybrid RAG+SQL Retrieval,S1_db,FALSE,separate_only,,api_call,200,120,separate_only,0,TRUE,,,,,,,,,,1000,200,postgres,,,,,,,,,openai/gpt-4o,large,128000,api_call,TRUE,openai/gpt-4o-mini,openai/gpt-4o,api,,,,,FALSE,,,,99,Standard,None,SQL costs per call; may co-exist with RAG (hybrid).,"num_queries, avg_query_tokens, source_type",FALSE,,,
66,S1,Database / Knowledge Access,Knowledge Graph Lookup,S1_db,FALSE,separate_only,,api_call,200,120,separate_only,0,TRUE,,,,,,,,,,1000,200,postgres,,,,,,,,,openai/gpt-4.1-mini,medium,200000,api_call,TRUE,openai/gpt-4.1-mini,openai/gpt-4.1-,api,,,,,FALSE,,,,99,Standard,None,SQL costs per call; may co-exist with RAG (hybrid).,"num_queries, avg_query_tokens, source_type",FALSE,,,
67,S1,Database / Knowledge Access,Graph Path Query,S1_db,FALSE,separate_only,,api_call,200,120,separate_only,0,TRUE,,,,,,,,,,1000,200,postgres,,,,,,,,,anthropic/claude-3.5-sonnet,large,200000,api_call,TRUE,anthropic/claude-3.5-sonnet-mini,anthropic/claude-3.5-sonnet,api,,,,,FALSE,,,,99,Standard,None,SQL costs per call; may co-exist with RAG (hybrid).,"num_queries, avg_query_tokens, source_type",FALSE,,,
68,S1,Database / Knowledge Access,Key-Value Store Fetch,S1_db,FALSE,separate_only,,api_call,200,120,separate_only,0,TRUE,,,,,,,,,,1000,200,postgres,,,,,,,,,anthropic/claude-3.5-haiku,small,200000,api_call,TRUE,anthropic/claude-3.5-haiku,anthropic/claude-3.5-sonnet,api,,,,,FALSE,,,,99,Standard,None,SQL costs per call; may co-exist with RAG (hybrid).,"num_queries, avg_query_tokens, source_type",FALSE,,,
69,S1,Retrieval & Vector Indexing,Corpus Embedding (one-time),S1_retrieve,FALSE,separate_only,,token,200,80,separate_only,0,TRUE,350,,,,,5,text-embedding-3-large,monthly,350,,,,,,,,,,,,openai/gpt-4o,large,128000,token,TRUE,openai/gpt-4o-mini,openai/gpt-4o,api,,,,,FALSE,,,,99,Standard,None,Embeddings are one-time; retrieval billed per query.,"corpus_gb, embed_model, refresh_rate, avg_chunk_tokens",FALSE,,,
70,S1,Retrieval & Vector Indexing,Incremental Embedding (delta),S1_retrieve,FALSE,separate_only,,token,200,80,separate_only,0,TRUE,350,,,,,5,text-embedding-3-large,monthly,350,,,,,,,,,,,,openai/gpt-4.1-mini,medium,200000,token,TRUE,openai/gpt-4.1-mini,openai/gpt-4.1-,api,,,,,FALSE,,,,99,Standard,None,Embeddings are one-time; retrieval billed per query.,"corpus_gb, embed_model, refresh_rate, avg_chunk_tokens",FALSE,,,
71,S1,Retrieval & Vector Indexing,Semantic Search (query-time),S1_retrieve,FALSE,separate_only,,token,200,80,separate_only,0,TRUE,350,,,,,5,text-embedding-3-large,monthly,350,,,,,,,,,,,,anthropic/claude-3.5-sonnet,large,200000,token,TRUE,anthropic/claude-3.5-sonnet-mini,anthropic/claude-3.5-sonnet,cloud,,,,,FALSE,,,,99,Standard,None,Embeddings are one-time; retrieval billed per query.,"corpus_gb, embed_model, refresh_rate, avg_chunk_tokens",FALSE,,,
72,S1,Retrieval & Vector Indexing,Hybrid Search (BM25+Vector),S1_retrieve,FALSE,separate_only,,token,200,80,separate_only,0,TRUE,350,,,,,5,text-embedding-3-large,monthly,350,,,,,,,,,,,,anthropic/claude-3.5-haiku,small,200000,token,TRUE,anthropic/claude-3.5-haiku,anthropic/claude-3.5-sonnet,api,,,,,FALSE,,,,99,Standard,None,Embeddings are one-time; retrieval billed per query.,"corpus_gb, embed_model, refresh_rate, avg_chunk_tokens",FALSE,,,
73,S1,Retrieval & Vector Indexing,RAG Chunking,S1_retrieve,FALSE,separate_only,,token,200,80,separate_only,0,TRUE,350,,,,,5,text-embedding-3-large,monthly,350,,,,,,,,,,,,mistral/mistral-medium,medium,32000,token,TRUE,mistral/mistral-medium-mini,mistral/mistral-medium,api,,,,,FALSE,,,,99,Standard,None,Embeddings are one-time; retrieval billed per query.,"corpus_gb, embed_model, refresh_rate, avg_chunk_tokens",FALSE,,,
74,S1,Retrieval & Vector Indexing,Vector Store Upsert,S1_retrieve,FALSE,separate_only,,token,200,80,separate_only,0,TRUE,350,,,,,5,text-embedding-3-large,monthly,350,,,,,,,,,,,,mistral/mistral-large,large,64000,token,TRUE,mistral/mistral-large-mini,mistral/mistral-large,api,,,,,FALSE,,,,99,Standard,None,Embeddings are one-time; retrieval billed per query.,"corpus_gb, embed_model, refresh_rate, avg_chunk_tokens",FALSE,,,
75,S1,Retrieval & Vector Indexing,Vector Store Compaction,S1_retrieve,FALSE,separate_only,,token,200,80,separate_only,0,TRUE,350,,,,,5,text-embedding-3-large,monthly,350,,,,,,,,,,,,cohere/command-r-plus,large,128000,token,TRUE,cohere/command-r-plus-mini,cohere/command-r-plus,api,,,,,FALSE,,,,99,Standard,None,Embeddings are one-time; retrieval billed per query.,"corpus_gb, embed_model, refresh_rate, avg_chunk_tokens",FALSE,,,
76,S1,Retrieval & Vector Indexing,Cross-Encoder Rerank,S1_retrieve,FALSE,separate_only,,token,200,80,separate_only,0,TRUE,350,,,,,5,text-embedding-3-large,monthly,350,,,,,,,,,,,,google/gemini-1.5-flash,small,1000000,token,TRUE,google/gemini-1.5-flash,google/ge-1.5-pro,api,,,,,FALSE,,,,99,Standard,None,Embeddings are one-time; retrieval billed per query.,"corpus_gb, embed_model, refresh_rate, avg_chunk_tokens",FALSE,,,
77,S1,Retrieval & Vector Indexing,Metadata Filtering,S1_retrieve,FALSE,separate_only,,token,200,80,separate_only,0,TRUE,350,,,,,5,text-embedding-3-large,monthly,350,,,,,,,,,,,,google/gemini-1.5-pro,large,1000000,token,TRUE,google/gemini-1.5-pro,google/ge-1.5-pro,api,,,,,FALSE,,,,99,Standard,None,Embeddings are one-time; retrieval billed per query.,"corpus_gb, embed_model, refresh_rate, avg_chunk_tokens",FALSE,,,
78,S1,Retrieval & Vector Indexing,Multi-corpus Routing,S1_retrieve,FALSE,separate_only,,token,200,80,separate_only,0,TRUE,350,,,,,5,text-embedding-3-large,monthly,350,,,,,,,,,,,,openai/gpt-4o-mini,medium,128000,token,TRUE,openai/gpt-4o-mini,openai/gpt-4o-,api,,,,,FALSE,,,,99,Standard,None,Embeddings are one-time; retrieval billed per query.,"corpus_gb, embed_model, refresh_rate, avg_chunk_tokens",FALSE,,,
79,S1,Retrieval & Vector Indexing,Multilingual Indexing,S1_retrieve,FALSE,separate_only,,token,200,80,separate_only,0,TRUE,350,,,,,5,text-embedding-3-large,monthly,350,,,,,,,,,,,,openai/gpt-4o,large,128000,token,TRUE,openai/gpt-4o-mini,openai/gpt-4o,api,,,,,FALSE,,,,99,Standard,None,Embeddings are one-time; retrieval billed per query.,"corpus_gb, embed_model, refresh_rate, avg_chunk_tokens",FALSE,,,
80,S1,Retrieval & Vector Indexing,Embedding Quality Evaluation,S1_retrieve,FALSE,separate_only,,token,200,80,separate_only,0,TRUE,350,,,,,5,text-embedding-3-large,monthly,350,,,,,,,,,,,,openai/gpt-4.1-mini,medium,200000,token,TRUE,openai/gpt-4.1-mini,openai/gpt-4.1-,api,,,,,FALSE,,,,99,Standard,None,Embeddings are one-time; retrieval billed per query.,"corpus_gb, embed_model, refresh_rate, avg_chunk_tokens",FALSE,,,
81,S1,Retrieval & Vector Indexing,Cold-Start Bootstrapping,S1_retrieve,FALSE,separate_only,,token,200,80,separate_only,0,TRUE,350,,,,,5,text-embedding-3-large,monthly,350,,,,,,,,,,,,anthropic/claude-3.5-sonnet,large,200000,token,TRUE,anthropic/claude-3.5-sonnet-mini,anthropic/claude-3.5-sonnet,cloud,,,,,FALSE,,,,99,Standard,None,Embeddings are one-time; retrieval billed per query.,"corpus_gb, embed_model, refresh_rate, avg_chunk_tokens",FALSE,,,
82,S1,Retrieval & Vector Indexing,Index Snapshot/Backup,S1_retrieve,FALSE,separate_only,,token,200,80,separate_only,0,TRUE,350,,,,,5,text-embedding-3-large,monthly,350,,,,,,,,,,,,anthropic/claude-3.5-haiku,small,200000,token,TRUE,anthropic/claude-3.5-haiku,anthropic/claude-3.5-sonnet,api,,,,,FALSE,,,,99,Standard,None,Embeddings are one-time; retrieval billed per query.,"corpus_gb, embed_model, refresh_rate, avg_chunk_tokens",FALSE,,,
83,S1,Retrieval & Vector Indexing,De-duplication at Indexing,S1_retrieve,FALSE,separate_only,,token,200,80,separate_only,0,TRUE,350,,,,,5,text-embedding-3-large,monthly,350,,,,,,,,,,,,mistral/mistral-medium,medium,32000,token,TRUE,mistral/mistral-medium-mini,mistral/mistral-medium,api,,,,,FALSE,,,,99,Standard,None,Embeddings are one-time; retrieval billed per query.,"corpus_gb, embed_model, refresh_rate, avg_chunk_tokens",FALSE,,,
84,S1,Retrieval & Vector Indexing,Auto-Chunk Size Tuning,S1_retrieve,FALSE,separate_only,,token,200,80,separate_only,0,TRUE,350,,,,,5,text-embedding-3-large,monthly,350,,,,,,,,,,,,mistral/mistral-large,large,64000,token,TRUE,mistral/mistral-large-mini,mistral/mistral-large,api,,,,,FALSE,,,,99,Standard,None,Embeddings are one-time; retrieval billed per query.,"corpus_gb, embed_model, refresh_rate, avg_chunk_tokens",FALSE,,,
85,S1,Retrieval & Vector Indexing,Index Refresh Pipeline,S1_retrieve,FALSE,separate_only,,token,200,80,separate_only,0,TRUE,350,,,,,5,text-embedding-3-large,monthly,350,,,,,,,,,,,,cohere/command-r-plus,large,128000,token,TRUE,cohere/command-r-plus-mini,cohere/command-r-plus,api,,,,,FALSE,,,,99,Standard,None,Embeddings are one-time; retrieval billed per query.,"corpus_gb, embed_model, refresh_rate, avg_chunk_tokens",FALSE,,,
86,S2,Code & Logic Generation,Code Generation (Python),S2_code,TRUE,sum_tokens,,token,800,400,proportional,0.2,FALSE,,50,10,,,,,,,,,,,medium,,,,,,,openai/gpt-4.1-mini,medium,200000,token,TRUE,openai/gpt-4.1-mini,openai/gpt-4.1-,api,,,,,FALSE,,,,99,Basic,None,Heavier reasoning; may require higher model tier for quality.,"users, qpm, tokens_in, tokens_out, complexity_level",FALSE,,,
87,S2,Code & Logic Generation,Code Generation (JS/TS),S2_code,TRUE,sum_tokens,,token,800,400,proportional,0.2,FALSE,,50,10,,,,,,,,,,,medium,,,,,,,anthropic/claude-3.5-sonnet,large,200000,token,TRUE,anthropic/claude-3.5-sonnet-mini,anthropic/claude-3.5-sonnet,api,,,,,FALSE,,,,99,Basic,None,Heavier reasoning; may require higher model tier for quality.,"users, qpm, tokens_in, tokens_out, complexity_level",FALSE,,,
88,S2,Code & Logic Generation,Unit Test Generation,S2_code,TRUE,sum_tokens,,token,800,400,proportional,0.2,FALSE,,50,10,,,,,,,,,,,medium,,,,,,,anthropic/claude-3.5-haiku,small,200000,token,TRUE,anthropic/claude-3.5-haiku,anthropic/claude-3.5-sonnet,api,,,,,FALSE,,,,99,Basic,None,Heavier reasoning; may require higher model tier for quality.,"users, qpm, tokens_in, tokens_out, complexity_level",FALSE,,,
89,S2,Code & Logic Generation,Docstring Generation,S2_code,TRUE,sum_tokens,,token,800,400,proportional,0.2,FALSE,,50,10,,,,,,,,,,,medium,,,,,,,mistral/mistral-medium,medium,32000,token,TRUE,mistral/mistral-medium-mini,mistral/mistral-medium,api,,,,,FALSE,,,,99,Basic,None,Heavier reasoning; may require higher model tier for quality.,"users, qpm, tokens_in, tokens_out, complexity_level",FALSE,,,
90,S2,Code & Logic Generation,Bug Fix Suggestion,S2_code,TRUE,sum_tokens,,token,800,400,proportional,0.2,FALSE,,50,10,,,,,,,,,,,medium,,,,,,,mistral/mistral-large,large,64000,token,TRUE,mistral/mistral-large-mini,mistral/mistral-large,api,,,,,FALSE,,,,99,Basic,None,Heavier reasoning; may require higher model tier for quality.,"users, qpm, tokens_in, tokens_out, complexity_level",FALSE,,,
91,S2,Code & Logic Generation,Refactoring Suggestion,S2_code,TRUE,sum_tokens,,token,800,400,proportional,0.2,FALSE,,50,10,,,,,,,,,,,medium,,,,,,,cohere/command-r-plus,large,128000,token,TRUE,cohere/command-r-plus-mini,cohere/command-r-plus,api,,,,,FALSE,,,,99,Basic,None,Heavier reasoning; may require higher model tier for quality.,"users, qpm, tokens_in, tokens_out, complexity_level",FALSE,,,
92,S2,Code & Logic Generation,SQL Generation (from Spec),S2_code,TRUE,sum_tokens,,token,800,400,proportional,0.2,FALSE,,50,10,,,,,,,,,,,medium,,,,,,,google/gemini-1.5-flash,small,1000000,token,TRUE,google/gemini-1.5-flash,google/ge-1.5-pro,api,,,,,TRUE,token,2000000,,99,Basic,None,Heavier reasoning; may require higher model tier for quality.,"users, qpm, tokens_in, tokens_out, complexity_level",TRUE,token,2000000,
93,S2,Code & Logic Generation,Regex Synthesis,S2_code,TRUE,sum_tokens,,token,800,400,proportional,0.2,FALSE,,50,10,,,,,,,,,,,medium,,,,,,,google/gemini-1.5-pro,large,1000000,token,TRUE,google/gemini-1.5-pro,google/ge-1.5-pro,cloud,gpu_l4,,,,TRUE,gpu_hourly,,12,99,Basic,None,Heavier reasoning; may require higher model tier for quality.,"users, qpm, tokens_in, tokens_out, complexity_level",TRUE,gpu_hourly,,12
94,S2,Code & Logic Generation,API Stub Generation,S2_code,TRUE,sum_tokens,,token,800,400,proportional,0.2,FALSE,,50,10,,,,,,,,,,,medium,,,,,,,openai/gpt-4o-mini,medium,128000,token,TRUE,openai/gpt-4o-mini,openai/gpt-4o-,self_host,gpu_t4,aws.g4dn.xlarge,1,8,FALSE,,,,99,Basic,None,Heavier reasoning; may require higher model tier for quality.,"users, qpm, tokens_in, tokens_out, complexity_level",FALSE,,,
95,S2,Code & Logic Generation,Config File Generation,S2_code,TRUE,sum_tokens,,token,800,400,proportional,0.2,FALSE,,50,10,,,,,,,,,,,medium,,,,,,,openai/gpt-4o,large,128000,token,TRUE,openai/gpt-4o-mini,openai/gpt-4o,api,,,,,FALSE,,,,99,Basic,None,Heavier reasoning; may require higher model tier for quality.,"users, qpm, tokens_in, tokens_out, complexity_level",FALSE,,,
96,S2,Code & Logic Generation,Infrastructure as Code Snippet,S2_code,TRUE,sum_tokens,,token,800,400,proportional,0.2,FALSE,,50,10,,,,,,,,,,,medium,,,,,,,openai/gpt-4.1-mini,medium,200000,token,TRUE,openai/gpt-4.1-mini,openai/gpt-4.1-,api,,,,,FALSE,,,,99,Basic,None,Heavier reasoning; may require higher model tier for quality.,"users, qpm, tokens_in, tokens_out, complexity_level",FALSE,,,
97,S2,Code & Logic Generation,ETL Script Draft,S2_code,TRUE,sum_tokens,,token,800,400,proportional,0.2,FALSE,,50,10,,,,,,,,,,,medium,,,,,,,anthropic/claude-3.5-sonnet,large,200000,token,TRUE,anthropic/claude-3.5-sonnet-mini,anthropic/claude-3.5-sonnet,api,,,,,FALSE,,,,99,Basic,None,Heavier reasoning; may require higher model tier for quality.,"users, qpm, tokens_in, tokens_out, complexity_level",FALSE,,,
98,S2,Code & Logic Generation,Shell Script Generation,S2_code,TRUE,sum_tokens,,token,800,400,proportional,0.2,FALSE,,50,10,,,,,,,,,,,medium,,,,,,,anthropic/claude-3.5-haiku,small,200000,token,TRUE,anthropic/claude-3.5-haiku,anthropic/claude-3.5-sonnet,api,,,,,FALSE,,,,99,Basic,None,Heavier reasoning; may require higher model tier for quality.,"users, qpm, tokens_in, tokens_out, complexity_level",FALSE,,,
99,S2,Code & Logic Generation,Function Signature Completion,S2_code,TRUE,sum_tokens,,token,800,400,proportional,0.2,FALSE,,50,10,,,,,,,,,,,medium,,,,,,,mistral/mistral-medium,medium,32000,token,TRUE,mistral/mistral-medium-mini,mistral/mistral-medium,api,,,,,FALSE,,,,99,Basic,None,Heavier reasoning; may require higher model tier for quality.,"users, qpm, tokens_in, tokens_out, complexity_level",FALSE,,,
100,S2,Code & Logic Generation,Class Skeleton Generation,S2_code,TRUE,sum_tokens,,token,800,400,proportional,0.2,FALSE,,50,10,,,,,,,,,,,medium,,,,,,,mistral/mistral-large,large,64000,token,TRUE,mistral/mistral-large-mini,mistral/mistral-large,api,,,,,FALSE,,,,99,Basic,None,Heavier reasoning; may require higher model tier for quality.,"users, qpm, tokens_in, tokens_out, complexity_level",FALSE,,,
101,S2,Code & Logic Generation,Edge Case Test Synthesis,S2_code,TRUE,sum_tokens,,token,800,400,proportional,0.2,FALSE,,50,10,,,,,,,,,,,medium,,,,,,,cohere/command-r-plus,large,128000,token,TRUE,cohere/command-r-plus-mini,cohere/command-r-plus,api,,,,,FALSE,,,,99,Basic,None,Heavier reasoning; may require higher model tier for quality.,"users, qpm, tokens_in, tokens_out, complexity_level",FALSE,,,
102,S2,Code & Logic Generation,Data Pipeline DAG Draft,S2_code,TRUE,sum_tokens,,token,800,400,proportional,0.2,FALSE,,50,10,,,,,,,,,,,medium,,,,,,,google/gemini-1.5-flash,small,1000000,token,TRUE,google/gemini-1.5-flash,google/ge-1.5-pro,api,,,,,TRUE,token,2000000,,99,Basic,None,Heavier reasoning; may require higher model tier for quality.,"users, qpm, tokens_in, tokens_out, complexity_level",TRUE,token,2000000,
103,S2,Text & Content Generation,General Text Generation,S2_textgen,TRUE,sum_tokens,,token,700,500,proportional,0.25,FALSE,,100,30,,,,,,,,,,,,,,,,,,mistral/mistral-medium,medium,32000,token,TRUE,mistral/mistral-medium-mini,mistral/mistral-medium,api,,,,,FALSE,,,,99,Basic,None,Core text gen; merges with summarization/classification under MIN.,"users, qpm, tokens_in, tokens_out",FALSE,,,
104,S2,Text & Content Generation,Chatbot Response,S2_textgen,TRUE,sum_tokens,,token,700,500,proportional,0.25,FALSE,,100,30,,,,,,,,,,,,,,,,,,mistral/mistral-large,large,64000,token,TRUE,mistral/mistral-large-mini,mistral/mistral-large,api,,,,,FALSE,,,,99,Basic,None,Core text gen; merges with summarization/classification under MIN.,"users, qpm, tokens_in, tokens_out",FALSE,,,
105,S2,Text & Content Generation,Q&A (Simple),S2_textgen,TRUE,sum_tokens,,token,700,500,proportional,0.25,FALSE,,100,30,,,,,,,,,,,,,,,,,,cohere/command-r-plus,large,128000,token,TRUE,cohere/command-r-plus-mini,cohere/command-r-plus,api,,,,,FALSE,,,,99,Basic,None,Core text gen; merges with summarization/classification under MIN.,"users, qpm, tokens_in, tokens_out",FALSE,,,
106,S2,Text & Content Generation,Long-form Article Draft,S2_textgen,TRUE,sum_tokens,,token,700,500,proportional,0.25,FALSE,,100,30,,,,,,,,,,,,,,,,,,google/gemini-1.5-flash,small,1000000,token,TRUE,google/gemini-1.5-flash,google/ge-1.5-pro,api,,,,,FALSE,,,,99,Basic,None,Core text gen; merges with summarization/classification under MIN.,"users, qpm, tokens_in, tokens_out",FALSE,,,
107,S2,Text & Content Generation,Product Description Generation,S2_textgen,TRUE,sum_tokens,,token,700,500,proportional,0.25,FALSE,,100,30,,,,,,,,,,,,,,,,,,google/gemini-1.5-pro,large,1000000,token,TRUE,google/gemini-1.5-pro,google/ge-1.5-pro,api,,,,,FALSE,,,,99,Basic,None,Core text gen; merges with summarization/classification under MIN.,"users, qpm, tokens_in, tokens_out",FALSE,,,
108,S2,Text & Content Generation,Email Drafting,S2_textgen,TRUE,sum_tokens,,token,700,500,proportional,0.25,FALSE,,100,30,,,,,,,,,,,,,,,,,,openai/gpt-4o-mini,medium,128000,token,TRUE,openai/gpt-4o-mini,openai/gpt-4o-,api,,,,,FALSE,,,,99,Basic,None,Core text gen; merges with summarization/classification under MIN.,"users, qpm, tokens_in, tokens_out",FALSE,,,
109,S2,Text & Content Generation,Rewrite for Clarity,S2_textgen,TRUE,sum_tokens,,token,700,500,proportional,0.25,FALSE,,100,30,,,,,,,,,,,,,,,,,,openai/gpt-4o,large,128000,token,TRUE,openai/gpt-4o-mini,openai/gpt-4o,api,,,,,FALSE,,,,99,Basic,None,Core text gen; merges with summarization/classification under MIN.,"users, qpm, tokens_in, tokens_out",FALSE,,,
110,S2,Text & Content Generation,Persona-based Response,S2_textgen,TRUE,sum_tokens,,token,700,500,proportional,0.25,FALSE,,100,30,,,,,,,,,,,,,,,,,,openai/gpt-4.1-mini,medium,200000,token,TRUE,openai/gpt-4.1-mini,openai/gpt-4.1-,api,,,,,TRUE,token,2000000,,99,Basic,None,Core text gen; merges with summarization/classification under MIN.,"users, qpm, tokens_in, tokens_out",TRUE,token,2000000,
111,S2,Text & Content Generation,Multi-turn Dialogue Continuation,S2_textgen,TRUE,sum_tokens,,token,700,500,proportional,0.25,FALSE,,100,30,,,,,,,,,,,,,,,,,,anthropic/claude-3.5-sonnet,large,200000,token,TRUE,anthropic/claude-3.5-sonnet-mini,anthropic/claude-3.5-sonnet,cloud,gpu_l4,,,,TRUE,gpu_hourly,,12,99,Basic,None,Core text gen; merges with summarization/classification under MIN.,"users, qpm, tokens_in, tokens_out",TRUE,gpu_hourly,,12
112,S2,Text & Content Generation,Ad Copy Generation,S2_textgen,TRUE,sum_tokens,,token,700,500,proportional,0.25,FALSE,,100,30,,,,,,,,,,,,,,,,,,anthropic/claude-3.5-haiku,small,200000,token,TRUE,anthropic/claude-3.5-haiku,anthropic/claude-3.5-sonnet,self_host,gpu_t4,aws.g4dn.xlarge,1,8,FALSE,,,,99,Basic,None,Core text gen; merges with summarization/classification under MIN.,"users, qpm, tokens_in, tokens_out",FALSE,,,
113,S2,Text & Content Generation,FAQ Expansion,S2_textgen,TRUE,sum_tokens,,token,700,500,proportional,0.25,FALSE,,100,30,,,,,,,,,,,,,,,,,,mistral/mistral-medium,medium,32000,token,TRUE,mistral/mistral-medium-mini,mistral/mistral-medium,api,,,,,FALSE,,,,99,Basic,None,Core text gen; merges with summarization/classification under MIN.,"users, qpm, tokens_in, tokens_out",FALSE,,,
114,S2,Text & Content Generation,Data-to-Text Narrative,S2_textgen,TRUE,sum_tokens,,token,700,500,proportional,0.25,FALSE,,100,30,,,,,,,,,,,,,,,,,,mistral/mistral-large,large,64000,token,TRUE,mistral/mistral-large-mini,mistral/mistral-large,api,,,,,FALSE,,,,99,Basic,None,Core text gen; merges with summarization/classification under MIN.,"users, qpm, tokens_in, tokens_out",FALSE,,,
115,S2,Text & Content Generation,Summarization-in-Context,S2_textgen,TRUE,sum_tokens,,token,700,500,proportional,0.25,FALSE,,100,30,,,,,,,,,,,,,,,,,,cohere/command-r-plus,large,128000,token,TRUE,cohere/command-r-plus-mini,cohere/command-r-plus,api,,,,,FALSE,,,,99,Basic,None,Core text gen; merges with summarization/classification under MIN.,"users, qpm, tokens_in, tokens_out",FALSE,,,
116,S2,Text & Content Generation,Headline Generation,S2_textgen,TRUE,sum_tokens,,token,700,500,proportional,0.25,FALSE,,100,30,,,,,,,,,,,,,,,,,,google/gemini-1.5-flash,small,1000000,token,TRUE,google/gemini-1.5-flash,google/ge-1.5-pro,api,,,,,FALSE,,,,99,Basic,None,Core text gen; merges with summarization/classification under MIN.,"users, qpm, tokens_in, tokens_out",FALSE,,,
117,S2,Text & Content Generation,Tweet/Short Post Generation,S2_textgen,TRUE,sum_tokens,,token,700,500,proportional,0.25,FALSE,,100,30,,,,,,,,,,,,,,,,,,google/gemini-1.5-pro,large,1000000,token,TRUE,google/gemini-1.5-pro,google/ge-1.5-pro,api,,,,,FALSE,,,,99,Basic,None,Core text gen; merges with summarization/classification under MIN.,"users, qpm, tokens_in, tokens_out",FALSE,,,
118,S2,Text & Content Generation,Bullet-Point Expansion,S2_textgen,TRUE,sum_tokens,,token,700,500,proportional,0.25,FALSE,,100,30,,,,,,,,,,,,,,,,,,openai/gpt-4o-mini,medium,128000,token,TRUE,openai/gpt-4o-mini,openai/gpt-4o-,api,,,,,FALSE,,,,99,Basic,None,Core text gen; merges with summarization/classification under MIN.,"users, qpm, tokens_in, tokens_out",FALSE,,,
119,S2,Text & Content Generation,Story Outline,S2_textgen,TRUE,sum_tokens,,token,700,500,proportional,0.25,FALSE,,100,30,,,,,,,,,,,,,,,,,,openai/gpt-4o,large,128000,token,TRUE,openai/gpt-4o-mini,openai/gpt-4o,api,,,,,FALSE,,,,99,Basic,None,Core text gen; merges with summarization/classification under MIN.,"users, qpm, tokens_in, tokens_out",FALSE,,,
120,S3,Domain-Specific Writing & Analysis,Legal Clause Drafting,S3_domain,FALSE,separate_only,,token,900,600,separate_only,0,FALSE,,,,,,,,,,,,,,,,,,,,,anthropic/claude-3.5-sonnet,large,200000,token,TRUE,anthropic/claude-3.5-sonnet-mini,anthropic/claude-3.5-sonnet,api,,,,,FALSE,,,,99,Basic,None,Domain expertise; often larger model band; separate under MIN.,"users, qpm, tokens_in, tokens_out, domain_flag",FALSE,,,
121,S3,Domain-Specific Writing & Analysis,Contract Risk Highlighting,S3_domain,FALSE,separate_only,,token,900,600,separate_only,0,FALSE,,,,,,,,,,,,,,,,,,,,,anthropic/claude-3.5-haiku,small,200000,token,TRUE,anthropic/claude-3.5-haiku,anthropic/claude-3.5-sonnet,api,,,,,FALSE,,,,99,Basic,None,Domain expertise; often larger model band; separate under MIN.,"users, qpm, tokens_in, tokens_out, domain_flag",FALSE,,,
122,S3,Domain-Specific Writing & Analysis,Privacy Policy Draft,S3_domain,FALSE,separate_only,,token,900,600,separate_only,0,FALSE,,,,,,,,,,,,,,,,,,,,,mistral/mistral-medium,medium,32000,token,TRUE,mistral/mistral-medium-mini,mistral/mistral-medium,api,,,,,FALSE,,,,99,Basic,None,Domain expertise; often larger model band; separate under MIN.,"users, qpm, tokens_in, tokens_out, domain_flag",FALSE,,,
123,S3,Domain-Specific Writing & Analysis,Medical Note Expansion,S3_domain,FALSE,separate_only,,token,900,600,separate_only,0,FALSE,,,,,,,,,,,,,,,,,,,,,mistral/mistral-large,large,64000,token,TRUE,mistral/mistral-large-mini,mistral/mistral-large,api,,,,,TRUE,token,2000000,,99,Basic,None,Domain expertise; often larger model band; separate under MIN.,"users, qpm, tokens_in, tokens_out, domain_flag",TRUE,token,2000000,
124,S3,Domain-Specific Writing & Analysis,Clinical Trial Summary,S3_domain,FALSE,separate_only,,token,900,600,separate_only,0,FALSE,,,,,,,,,,,,,,,,,,,,,cohere/command-r-plus,large,128000,token,TRUE,cohere/command-r-plus-mini,cohere/command-r-plus,cloud,gpu_l4,,,,TRUE,gpu_hourly,,12,99,Basic,None,Domain expertise; often larger model band; separate under MIN.,"users, qpm, tokens_in, tokens_out, domain_flag",TRUE,gpu_hourly,,12
125,S3,Domain-Specific Writing & Analysis,Diagnostic Differential Draft,S3_domain,FALSE,separate_only,,token,900,600,separate_only,0,FALSE,,,,,,,,,,,,,,,,,,,,,google/gemini-1.5-flash,small,1000000,token,TRUE,google/gemini-1.5-flash,google/ge-1.5-pro,self_host,gpu_t4,aws.g4dn.xlarge,1,8,FALSE,,,,99,Basic,None,Domain expertise; often larger model band; separate under MIN.,"users, qpm, tokens_in, tokens_out, domain_flag",FALSE,,,
126,S3,Domain-Specific Writing & Analysis,Marketing Tone Adaptation,S3_domain,FALSE,separate_only,,token,900,600,separate_only,0,FALSE,,,,,,,,,,,,,,,,,,,,,google/gemini-1.5-pro,large,1000000,token,TRUE,google/gemini-1.5-pro,google/ge-1.5-pro,api,,,,,FALSE,,,,99,Basic,None,Domain expertise; often larger model band; separate under MIN.,"users, qpm, tokens_in, tokens_out, domain_flag",FALSE,,,
127,S3,Domain-Specific Writing & Analysis,Brand Voice Consistency Check,S3_domain,FALSE,separate_only,,token,900,600,separate_only,0,FALSE,,,,,,,,,,,,,,,,,,,,,openai/gpt-4o-mini,medium,128000,token,TRUE,openai/gpt-4o-mini,openai/gpt-4o-,api,,,,,FALSE,,,,99,Basic,None,Domain expertise; often larger model band; separate under MIN.,"users, qpm, tokens_in, tokens_out, domain_flag",FALSE,,,
128,S3,Domain-Specific Writing & Analysis,Product Messaging Matrix,S3_domain,FALSE,separate_only,,token,900,600,separate_only,0,FALSE,,,,,,,,,,,,,,,,,,,,,openai/gpt-4o,large,128000,token,TRUE,openai/gpt-4o-mini,openai/gpt-4o,api,,,,,FALSE,,,,99,Basic,None,Domain expertise; often larger model band; separate under MIN.,"users, qpm, tokens_in, tokens_out, domain_flag",FALSE,,,
129,S3,Domain-Specific Writing & Analysis,Financial Report Commentary,S3_domain,FALSE,separate_only,,token,900,600,separate_only,0,FALSE,,,,,,,,,,,,,,,,,,,,,openai/gpt-4.1-mini,medium,200000,token,TRUE,openai/gpt-4.1-mini,openai/gpt-4.1-,api,,,,,FALSE,,,,99,Basic,None,Domain expertise; often larger model band; separate under MIN.,"users, qpm, tokens_in, tokens_out, domain_flag",FALSE,,,
130,S3,Domain-Specific Writing & Analysis,Earnings Call Summary,S3_domain,FALSE,separate_only,,token,900,600,separate_only,0,FALSE,,,,,,,,,,,,,,,,,,,,,anthropic/claude-3.5-sonnet,large,200000,token,TRUE,anthropic/claude-3.5-sonnet-mini,anthropic/claude-3.5-sonnet,api,,,,,FALSE,,,,99,Basic,None,Domain expertise; often larger model band; separate under MIN.,"users, qpm, tokens_in, tokens_out, domain_flag",FALSE,,,
131,S3,Domain-Specific Writing & Analysis,Risk Factor Draft,S3_domain,FALSE,separate_only,,token,900,600,separate_only,0,FALSE,,,,,,,,,,,,,,,,,,,,,anthropic/claude-3.5-haiku,small,200000,token,TRUE,anthropic/claude-3.5-haiku,anthropic/claude-3.5-sonnet,api,,,,,FALSE,,,,99,Basic,None,Domain expertise; often larger model band; separate under MIN.,"users, qpm, tokens_in, tokens_out, domain_flag",FALSE,,,
132,S3,Domain-Specific Writing & Analysis,Academic Abstract Rewrite,S3_domain,FALSE,separate_only,,token,900,600,separate_only,0,FALSE,,,,,,,,,,,,,,,,,,,,,mistral/mistral-medium,medium,32000,token,TRUE,mistral/mistral-medium-mini,mistral/mistral-medium,api,,,,,FALSE,,,,99,Basic,None,Domain expertise; often larger model band; separate under MIN.,"users, qpm, tokens_in, tokens_out, domain_flag",FALSE,,,
133,S3,Domain-Specific Writing & Analysis,Grant Proposal Section,S3_domain,FALSE,separate_only,,token,900,600,separate_only,0,FALSE,,,,,,,,,,,,,,,,,,,,,mistral/mistral-large,large,64000,token,TRUE,mistral/mistral-large-mini,mistral/mistral-large,api,,,,,TRUE,token,2000000,,99,Basic,None,Domain expertise; often larger model band; separate under MIN.,"users, qpm, tokens_in, tokens_out, domain_flag",TRUE,token,2000000,
134,S3,Domain-Specific Writing & Analysis,Patent Claim Draft,S3_domain,FALSE,separate_only,,token,900,600,separate_only,0,FALSE,,,,,,,,,,,,,,,,,,,,,cohere/command-r-plus,large,128000,token,TRUE,cohere/command-r-plus-mini,cohere/command-r-plus,cloud,gpu_l4,,,,TRUE,gpu_hourly,,12,99,Basic,None,Domain expertise; often larger model band; separate under MIN.,"users, qpm, tokens_in, tokens_out, domain_flag",TRUE,gpu_hourly,,12
135,S3,Domain-Specific Writing & Analysis,Safety Incident Report Draft,S3_domain,FALSE,separate_only,,token,900,600,separate_only,0,FALSE,,,,,,,,,,,,,,,,,,,,,google/gemini-1.5-flash,small,1000000,token,TRUE,google/gemini-1.5-flash,google/ge-1.5-pro,self_host,gpu_t4,aws.g4dn.xlarge,1,8,FALSE,,,,99,Basic,None,Domain expertise; often larger model band; separate under MIN.,"users, qpm, tokens_in, tokens_out, domain_flag",FALSE,,,
136,S3,Summarization & Reasoning,Extractive Summarization,S3_summary,TRUE,sum_tokens,,token,1200,200,proportional,0.2,TRUE,,100,15,,,,,,,,,,,,,,,,,,mistral/mistral-large,large,64000,token,TRUE,mistral/mistral-large-mini,mistral/mistral-large,api,,,,,FALSE,,,,99,Basic,None,Can be merged with generation when context fits.,"users, qpm, tokens_in, tokens_out",FALSE,,,
137,S3,Summarization & Reasoning,Abstractive Summarization,S3_summary,TRUE,sum_tokens,,token,1200,200,proportional,0.2,TRUE,,100,15,,,,,,,,,,,,,,,,,,cohere/command-r-plus,large,128000,token,TRUE,cohere/command-r-plus-mini,cohere/command-r-plus,api,,,,,FALSE,,,,99,Basic,None,Can be merged with generation when context fits.,"users, qpm, tokens_in, tokens_out",FALSE,,,
138,S3,Summarization & Reasoning,Dialogue Summarization,S3_summary,TRUE,sum_tokens,,token,1200,200,proportional,0.2,TRUE,,100,15,,,,,,,,,,,,,,,,,,google/gemini-1.5-flash,small,1000000,token,TRUE,google/gemini-1.5-flash,google/ge-1.5-pro,api,,,,,FALSE,,,,99,Basic,None,Can be merged with generation when context fits.,"users, qpm, tokens_in, tokens_out",FALSE,,,
139,S3,Summarization & Reasoning,Meeting Minutes Generation,S3_summary,TRUE,sum_tokens,,token,1200,200,proportional,0.2,TRUE,,100,15,,,,,,,,,,,,,,,,,,google/gemini-1.5-pro,large,1000000,token,TRUE,google/gemini-1.5-pro,google/ge-1.5-pro,api,,,,,FALSE,,,,99,Basic,None,Can be merged with generation when context fits.,"users, qpm, tokens_in, tokens_out",FALSE,,,
140,S3,Summarization & Reasoning,Email Thread TL;DR,S3_summary,TRUE,sum_tokens,,token,1200,200,proportional,0.2,TRUE,,100,15,,,,,,,,,,,,,,,,,,openai/gpt-4o-mini,medium,128000,token,TRUE,openai/gpt-4o-mini,openai/gpt-4o-,api,,,,,FALSE,,,,99,Basic,None,Can be merged with generation when context fits.,"users, qpm, tokens_in, tokens_out",FALSE,,,
141,S3,Summarization & Reasoning,Legal Document Summary,S3_summary,TRUE,sum_tokens,,token,1200,200,proportional,0.2,TRUE,,100,15,,,,,,,,,,,,,,,,,,openai/gpt-4o,large,128000,token,TRUE,openai/gpt-4o-mini,openai/gpt-4o,api,,,,,FALSE,,,,99,Basic,None,Can be merged with generation when context fits.,"users, qpm, tokens_in, tokens_out",FALSE,,,
142,S3,Summarization & Reasoning,Medical Report Summary,S3_summary,TRUE,sum_tokens,,token,1200,200,proportional,0.2,TRUE,,100,15,,,,,,,,,,,,,,,,,,openai/gpt-4.1-mini,medium,200000,token,TRUE,openai/gpt-4.1-mini,openai/gpt-4.1-,api,,,,,FALSE,,,,99,Basic,None,Can be merged with generation when context fits.,"users, qpm, tokens_in, tokens_out",FALSE,,,
143,S3,Summarization & Reasoning,Research Paper Summary,S3_summary,TRUE,sum_tokens,,token,1200,200,proportional,0.2,TRUE,,100,15,,,,,,,,,,,,,,,,,,anthropic/claude-3.5-sonnet,large,200000,token,TRUE,anthropic/claude-3.5-sonnet-mini,anthropic/claude-3.5-sonnet,api,,,,,FALSE,,,,99,Basic,None,Can be merged with generation when context fits.,"users, qpm, tokens_in, tokens_out",FALSE,,,
144,S3,Summarization & Reasoning,Support Ticket Summary,S3_summary,TRUE,sum_tokens,,token,1200,200,proportional,0.2,TRUE,,100,15,,,,,,,,,,,,,,,,,,anthropic/claude-3.5-haiku,small,200000,token,TRUE,anthropic/claude-3.5-haiku,anthropic/claude-3.5-sonnet,api,,,,,FALSE,,,,99,Basic,None,Can be merged with generation when context fits.,"users, qpm, tokens_in, tokens_out",FALSE,,,
145,S3,Summarization & Reasoning,Bullet Summarization,S3_summary,TRUE,sum_tokens,,token,1200,200,proportional,0.2,TRUE,,100,15,,,,,,,,,,,,,,,,,,mistral/mistral-medium,medium,32000,token,TRUE,mistral/mistral-medium-mini,mistral/mistral-medium,api,,,,,FALSE,,,,99,Basic,None,Can be merged with generation when context fits.,"users, qpm, tokens_in, tokens_out",FALSE,,,
146,S3,Summarization & Reasoning,Highlights Extraction,S3_summary,TRUE,sum_tokens,,token,1200,200,proportional,0.2,TRUE,,100,15,,,,,,,,,,,,,,,,,,mistral/mistral-large,large,64000,token,TRUE,mistral/mistral-large-mini,mistral/mistral-large,api,,,,,FALSE,,,,99,Basic,None,Can be merged with generation when context fits.,"users, qpm, tokens_in, tokens_out",FALSE,,,
147,S3,Summarization & Reasoning,Reasoned Summary (CoT),S3_summary,TRUE,sum_tokens,,token,1200,200,proportional,0.2,TRUE,,100,15,,,,,,,,,,,,,,,,,,cohere/command-r-plus,large,128000,token,TRUE,cohere/command-r-plus-mini,cohere/command-r-plus,api,,,,,FALSE,,,,99,Basic,None,Can be merged with generation when context fits.,"users, qpm, tokens_in, tokens_out",FALSE,,,
148,S3,Summarization & Reasoning,Key Findings Summary,S3_summary,TRUE,sum_tokens,,token,1200,200,proportional,0.2,TRUE,,100,15,,,,,,,,,,,,,,,,,,google/gemini-1.5-flash,small,1000000,token,TRUE,google/gemini-1.5-flash,google/ge-1.5-pro,api,,,,,FALSE,,,,99,Basic,None,Can be merged with generation when context fits.,"users, qpm, tokens_in, tokens_out",FALSE,,,
149,S3,Summarization & Reasoning,Opinion Aggregation,S3_summary,TRUE,sum_tokens,,token,1200,200,proportional,0.2,TRUE,,100,15,,,,,,,,,,,,,,,,,,google/gemini-1.5-pro,large,1000000,token,TRUE,google/gemini-1.5-pro,google/ge-1.5-pro,api,,,,,FALSE,,,,99,Basic,None,Can be merged with generation when context fits.,"users, qpm, tokens_in, tokens_out",FALSE,,,
150,S3,Summarization & Reasoning,Multi-doc Summary,S3_summary,TRUE,sum_tokens,,token,1200,200,proportional,0.2,TRUE,,100,15,,,,,,,,,,,,,,,,,,openai/gpt-4o-mini,medium,128000,token,TRUE,openai/gpt-4o-mini,openai/gpt-4o-,api,,,,,FALSE,,,,99,Basic,None,Can be merged with generation when context fits.,"users, qpm, tokens_in, tokens_out",FALSE,,,
151,S3,Summarization & Reasoning,Contrastive Summary,S3_summary,TRUE,sum_tokens,,token,1200,200,proportional,0.2,TRUE,,100,15,,,,,,,,,,,,,,,,,,openai/gpt-4o,large,128000,token,TRUE,openai/gpt-4o-mini,openai/gpt-4o,api,,,,,FALSE,,,,99,Basic,None,Can be merged with generation when context fits.,"users, qpm, tokens_in, tokens_out",FALSE,,,
152,S3,Text Understanding & Classification,Sentiment Classification,S3_analysis,TRUE,sum_tokens,,token,500,100,proportional,0.15,TRUE,,100,15,,,,,,,,,,3,,,,,,,,google/gemini-1.5-pro,large,1000000,token,TRUE,google/gemini-1.5-pro,google/ge-1.5-pro,api,,,,,FALSE,,,,99,Basic,None,Tagging/understanding; merge-friendly with S2_textgen.,"users, qpm, tokens_in, tokens_out, classes",FALSE,,,
153,S3,Text Understanding & Classification,Topic Classification,S3_analysis,TRUE,sum_tokens,,token,500,100,proportional,0.15,TRUE,,100,15,,,,,,,,,,3,,,,,,,,openai/gpt-4o-mini,medium,128000,token,TRUE,openai/gpt-4o-mini,openai/gpt-4o-,api,,,,,FALSE,,,,99,Basic,None,Tagging/understanding; merge-friendly with S2_textgen.,"users, qpm, tokens_in, tokens_out, classes",FALSE,,,
154,S3,Text Understanding & Classification,Intent Detection,S3_analysis,TRUE,sum_tokens,,token,500,100,proportional,0.15,TRUE,,100,15,,,,,,,,,,3,,,,,,,,openai/gpt-4o,large,128000,token,TRUE,openai/gpt-4o-mini,openai/gpt-4o,api,,,,,FALSE,,,,99,Basic,None,Tagging/understanding; merge-friendly with S2_textgen.,"users, qpm, tokens_in, tokens_out, classes",FALSE,,,
155,S3,Text Understanding & Classification,Toxicity Detection,S3_analysis,TRUE,sum_tokens,,token,500,100,proportional,0.15,TRUE,,100,15,,,,,,,,,,3,,,,,,,,openai/gpt-4.1-mini,medium,200000,token,TRUE,openai/gpt-4.1-mini,openai/gpt-4.1-,api,,,,,FALSE,,,,99,Basic,None,Tagging/understanding; merge-friendly with S2_textgen.,"users, qpm, tokens_in, tokens_out, classes",FALSE,,,
156,S3,Text Understanding & Classification,Spam Detection,S3_analysis,TRUE,sum_tokens,,token,500,100,proportional,0.15,TRUE,,100,15,,,,,,,,,,3,,,,,,,,anthropic/claude-3.5-sonnet,large,200000,token,TRUE,anthropic/claude-3.5-sonnet-mini,anthropic/claude-3.5-sonnet,api,,,,,FALSE,,,,99,Basic,None,Tagging/understanding; merge-friendly with S2_textgen.,"users, qpm, tokens_in, tokens_out, classes",FALSE,,,
157,S3,Text Understanding & Classification,Language ID,S3_analysis,TRUE,sum_tokens,,token,500,100,proportional,0.15,TRUE,,100,15,,,,,,,,,,3,,,,,,,,anthropic/claude-3.5-haiku,small,200000,token,TRUE,anthropic/claude-3.5-haiku,anthropic/claude-3.5-sonnet,api,,,,,FALSE,,,,99,Basic,None,Tagging/understanding; merge-friendly with S2_textgen.,"users, qpm, tokens_in, tokens_out, classes",FALSE,,,
158,S3,Text Understanding & Classification,Emotion Classification,S3_analysis,TRUE,sum_tokens,,token,500,100,proportional,0.15,TRUE,,100,15,,,,,,,,,,3,,,,,,,,mistral/mistral-medium,medium,32000,token,TRUE,mistral/mistral-medium-mini,mistral/mistral-medium,api,,,,,FALSE,,,,99,Basic,None,Tagging/understanding; merge-friendly with S2_textgen.,"users, qpm, tokens_in, tokens_out, classes",FALSE,,,
159,S3,Text Understanding & Classification,Urgency Classification,S3_analysis,TRUE,sum_tokens,,token,500,100,proportional,0.15,TRUE,,100,15,,,,,,,,,,3,,,,,,,,mistral/mistral-large,large,64000,token,TRUE,mistral/mistral-large-mini,mistral/mistral-large,api,,,,,FALSE,,,,99,Basic,None,Tagging/understanding; merge-friendly with S2_textgen.,"users, qpm, tokens_in, tokens_out, classes",FALSE,,,
160,S3,Text Understanding & Classification,NPS Category Classification,S3_analysis,TRUE,sum_tokens,,token,500,100,proportional,0.15,TRUE,,100,15,,,,,,,,,,3,,,,,,,,cohere/command-r-plus,large,128000,token,TRUE,cohere/command-r-plus-mini,cohere/command-r-plus,api,,,,,FALSE,,,,99,Basic,None,Tagging/understanding; merge-friendly with S2_textgen.,"users, qpm, tokens_in, tokens_out, classes",FALSE,,,
161,S3,Text Understanding & Classification,Aspect-Based Sentiment,S3_analysis,TRUE,sum_tokens,,token,500,100,proportional,0.15,TRUE,,100,15,,,,,,,,,,3,,,,,,,,google/gemini-1.5-flash,small,1000000,token,TRUE,google/gemini-1.5-flash,google/ge-1.5-pro,api,,,,,FALSE,,,,99,Basic,None,Tagging/understanding; merge-friendly with S2_textgen.,"users, qpm, tokens_in, tokens_out, classes",FALSE,,,
162,S3,Text Understanding & Classification,Hate Speech Detection,S3_analysis,TRUE,sum_tokens,,token,500,100,proportional,0.15,TRUE,,100,15,,,,,,,,,,3,,,,,,,,google/gemini-1.5-pro,large,1000000,token,TRUE,google/gemini-1.5-pro,google/ge-1.5-pro,api,,,,,FALSE,,,,99,Basic,None,Tagging/understanding; merge-friendly with S2_textgen.,"users, qpm, tokens_in, tokens_out, classes",FALSE,,,
163,S3,Text Understanding & Classification,Safety Policy Classification,S3_analysis,TRUE,sum_tokens,,token,500,100,proportional,0.15,TRUE,,100,15,,,,,,,,,,3,,,,,,,,openai/gpt-4o-mini,medium,128000,token,TRUE,openai/gpt-4o-mini,openai/gpt-4o-,api,,,,,FALSE,,,,99,Basic,None,Tagging/understanding; merge-friendly with S2_textgen.,"users, qpm, tokens_in, tokens_out, classes",FALSE,,,
164,S3,Text Understanding & Classification,PII Presence Classification,S3_analysis,TRUE,sum_tokens,,token,500,100,proportional,0.15,TRUE,,100,15,,,,,,,,,,3,,,,,,,,openai/gpt-4o,large,128000,token,TRUE,openai/gpt-4o-mini,openai/gpt-4o,api,,,,,FALSE,,,,99,Basic,None,Tagging/understanding; merge-friendly with S2_textgen.,"users, qpm, tokens_in, tokens_out, classes",FALSE,,,
165,S3,Text Understanding & Classification,Compliance Tagging,S3_analysis,TRUE,sum_tokens,,token,500,100,proportional,0.15,TRUE,,100,15,,,,,,,,,,3,,,,,,,,openai/gpt-4.1-mini,medium,200000,token,TRUE,openai/gpt-4.1-mini,openai/gpt-4.1-,api,,,,,FALSE,,,,99,Basic,None,Tagging/understanding; merge-friendly with S2_textgen.,"users, qpm, tokens_in, tokens_out, classes",FALSE,,,
166,S3,Text Understanding & Classification,Priority Triage,S3_analysis,TRUE,sum_tokens,,token,500,100,proportional,0.15,TRUE,,100,15,,,,,,,,,,3,,,,,,,,anthropic/claude-3.5-sonnet,large,200000,token,TRUE,anthropic/claude-3.5-sonnet-mini,anthropic/claude-3.5-sonnet,api,,,,,FALSE,,,,99,Basic,None,Tagging/understanding; merge-friendly with S2_textgen.,"users, qpm, tokens_in, tokens_out, classes",FALSE,,,
167,S3,Text Understanding & Classification,Phishing Detection,S3_analysis,TRUE,sum_tokens,,token,500,100,proportional,0.15,TRUE,,100,15,,,,,,,,,,3,,,,,,,,anthropic/claude-3.5-haiku,small,200000,token,TRUE,anthropic/claude-3.5-haiku,anthropic/claude-3.5-sonnet,api,,,,,FALSE,,,,99,Basic,None,Tagging/understanding; merge-friendly with S2_textgen.,"users, qpm, tokens_in, tokens_out, classes",FALSE,,,
168,S3,Text Understanding & Classification,Brand Safety Labeling,S3_analysis,TRUE,sum_tokens,,token,500,100,proportional,0.15,TRUE,,100,15,,,,,,,,,,3,,,,,,,,mistral/mistral-medium,medium,32000,token,TRUE,mistral/mistral-medium-mini,mistral/mistral-medium,api,,,,,FALSE,,,,99,Basic,None,Tagging/understanding; merge-friendly with S2_textgen.,"users, qpm, tokens_in, tokens_out, classes",FALSE,,,
169,S4,Evaluation & Monitoring,Toxicity Scoring,S4_eval,TRUE,sum_tokens,,token,300,80,proportional,0.1,TRUE,,,,,,,,,,,,,,,,,,,10%,"toxicity,faithfulness",cohere/command-r-plus,large,128000,token,TRUE,cohere/command-r-plus-mini,cohere/command-r-plus,api,,,,,FALSE,,,,99.9,Standard,None,Can batch; cheap per-token vs generation.,"eval_freq, tokens_in, tokens_out, metrics",FALSE,,,
170,S4,Evaluation & Monitoring,Hallucination Detection,S4_eval,TRUE,sum_tokens,,token,300,80,proportional,0.1,TRUE,,,,,,,,,,,,,,,,,,,10%,"toxicity,faithfulness",google/gemini-1.5-flash,small,1000000,token,TRUE,google/gemini-1.5-flash,google/ge-1.5-pro,api,,,,,FALSE,,,,99.9,Standard,None,Can batch; cheap per-token vs generation.,"eval_freq, tokens_in, tokens_out, metrics",FALSE,,,
171,S4,Evaluation & Monitoring,Self-Consistency Check,S4_eval,TRUE,sum_tokens,,token,300,80,proportional,0.1,TRUE,,,,,,,,,,,,,,,,,,,10%,"toxicity,faithfulness",google/gemini-1.5-pro,large,1000000,token,TRUE,google/gemini-1.5-pro,google/ge-1.5-pro,api,,,,,FALSE,,,,99.9,Standard,None,Can batch; cheap per-token vs generation.,"eval_freq, tokens_in, tokens_out, metrics",FALSE,,,
172,S4,Evaluation & Monitoring,Reference-based QA Eval,S4_eval,TRUE,sum_tokens,,token,300,80,proportional,0.1,TRUE,,,,,,,,,,,,,,,,,,,10%,"toxicity,faithfulness",openai/gpt-4o-mini,medium,128000,token,TRUE,openai/gpt-4o-mini,openai/gpt-4o-,api,,,,,FALSE,,,,99.9,Standard,None,Can batch; cheap per-token vs generation.,"eval_freq, tokens_in, tokens_out, metrics",FALSE,,,
173,S4,Evaluation & Monitoring,No-Reference QA Eval,S4_eval,TRUE,sum_tokens,,token,300,80,proportional,0.1,TRUE,,,,,,,,,,,,,,,,,,,10%,"toxicity,faithfulness",openai/gpt-4o,large,128000,token,TRUE,openai/gpt-4o-mini,openai/gpt-4o,api,,,,,FALSE,,,,99.9,Standard,None,Can batch; cheap per-token vs generation.,"eval_freq, tokens_in, tokens_out, metrics",FALSE,,,
174,S4,Evaluation & Monitoring,Summary Faithfulness Eval,S4_eval,TRUE,sum_tokens,,token,300,80,proportional,0.1,TRUE,,,,,,,,,,,,,,,,,,,10%,"toxicity,faithfulness",openai/gpt-4.1-mini,medium,200000,token,TRUE,openai/gpt-4.1-mini,openai/gpt-4.1-,api,,,,,FALSE,,,,99.9,Standard,None,Can batch; cheap per-token vs generation.,"eval_freq, tokens_in, tokens_out, metrics",FALSE,,,
175,S4,Evaluation & Monitoring,Code Diff Eval,S4_eval,TRUE,sum_tokens,,token,300,80,proportional,0.1,TRUE,,,,,,,,,,,,,,,,,,,10%,"toxicity,faithfulness",anthropic/claude-3.5-sonnet,large,200000,token,TRUE,anthropic/claude-3.5-sonnet-mini,anthropic/claude-3.5-sonnet,api,,,,,FALSE,,,,99.9,Standard,None,Can batch; cheap per-token vs generation.,"eval_freq, tokens_in, tokens_out, metrics",FALSE,,,
176,S4,Evaluation & Monitoring,Unit Test Autograder,S4_eval,TRUE,sum_tokens,,token,300,80,proportional,0.1,TRUE,,,,,,,,,,,,,,,,,,,10%,"toxicity,faithfulness",anthropic/claude-3.5-haiku,small,200000,token,TRUE,anthropic/claude-3.5-haiku,anthropic/claude-3.5-sonnet,api,,,,,FALSE,,,,99.9,Standard,None,Can batch; cheap per-token vs generation.,"eval_freq, tokens_in, tokens_out, metrics",FALSE,,,
177,S4,Evaluation & Monitoring,Style Conformance Check,S4_eval,TRUE,sum_tokens,,token,300,80,proportional,0.1,TRUE,,,,,,,,,,,,,,,,,,,10%,"toxicity,faithfulness",mistral/mistral-medium,medium,32000,token,TRUE,mistral/mistral-medium-mini,mistral/mistral-medium,api,,,,,FALSE,,,,99.9,Standard,None,Can batch; cheap per-token vs generation.,"eval_freq, tokens_in, tokens_out, metrics",FALSE,,,
178,S4,Evaluation & Monitoring,PII Leak Detection,S4_eval,TRUE,sum_tokens,,token,300,80,proportional,0.1,TRUE,,,,,,,,,,,,,,,,,,,10%,"toxicity,faithfulness",mistral/mistral-large,large,64000,token,TRUE,mistral/mistral-large-mini,mistral/mistral-large,api,,,,,FALSE,,,,99.9,Standard,None,Can batch; cheap per-token vs generation.,"eval_freq, tokens_in, tokens_out, metrics",FALSE,,,
179,S4,Evaluation & Monitoring,Bias Check,S4_eval,TRUE,sum_tokens,,token,300,80,proportional,0.1,TRUE,,,,,,,,,,,,,,,,,,,10%,"toxicity,faithfulness",cohere/command-r-plus,large,128000,token,TRUE,cohere/command-r-plus-mini,cohere/command-r-plus,api,,,,,FALSE,,,,99.9,Standard,None,Can batch; cheap per-token vs generation.,"eval_freq, tokens_in, tokens_out, metrics",FALSE,,,
180,S4,Evaluation & Monitoring,SAFE Completion Check,S4_eval,TRUE,sum_tokens,,token,300,80,proportional,0.1,TRUE,,,,,,,,,,,,,,,,,,,10%,"toxicity,faithfulness",google/gemini-1.5-flash,small,1000000,token,TRUE,google/gemini-1.5-flash,google/ge-1.5-pro,api,,,,,FALSE,,,,99.9,Standard,None,Can batch; cheap per-token vs generation.,"eval_freq, tokens_in, tokens_out, metrics",FALSE,,,
181,S4,Evaluation & Monitoring,Latency SLO Monitor,S4_eval,TRUE,sum_tokens,,token,300,80,proportional,0.1,TRUE,,,,,,,,,,,,,,,,,,,10%,"toxicity,faithfulness",google/gemini-1.5-pro,large,1000000,token,TRUE,google/gemini-1.5-pro,google/ge-1.5-pro,api,,,,,FALSE,,,,99.9,Standard,None,Can batch; cheap per-token vs generation.,"eval_freq, tokens_in, tokens_out, metrics",FALSE,,,
182,S4,Evaluation & Monitoring,Cost Monitor,S4_eval,TRUE,sum_tokens,,token,300,80,proportional,0.1,TRUE,,,,,,,,,,,,,,,,,,,10%,"toxicity,faithfulness",openai/gpt-4o-mini,medium,128000,token,TRUE,openai/gpt-4o-mini,openai/gpt-4o-,api,,,,,FALSE,,,,99.9,Standard,None,Can batch; cheap per-token vs generation.,"eval_freq, tokens_in, tokens_out, metrics",FALSE,,,
183,S4,Evaluation & Monitoring,Drift Detection,S4_eval,TRUE,sum_tokens,,token,300,80,proportional,0.1,TRUE,,,,,,,,,,,,,,,,,,,10%,"toxicity,faithfulness",openai/gpt-4o,large,128000,token,TRUE,openai/gpt-4o-mini,openai/gpt-4o,api,,,,,FALSE,,,,99.9,Standard,None,Can batch; cheap per-token vs generation.,"eval_freq, tokens_in, tokens_out, metrics",FALSE,,,
184,S4,Evaluation & Monitoring,Guardrail Policy Eval,S4_eval,TRUE,sum_tokens,,token,300,80,proportional,0.1,TRUE,,,,,,,,,,,,,,,,,,,10%,"toxicity,faithfulness",openai/gpt-4.1-mini,medium,200000,token,TRUE,openai/gpt-4.1-mini,openai/gpt-4.1-,api,,,,,FALSE,,,,99.9,Standard,None,Can batch; cheap per-token vs generation.,"eval_freq, tokens_in, tokens_out, metrics",FALSE,,,
185,S4,Orchestration & Tool Use,Tool-Using Agent (Search+Calc),S4_agentic,FALSE,separate_only,,token,700,300,separate_only,0,FALSE,,50,10,,,,,,,,,,,,,3,4,8,,,openai/gpt-4o-mini,medium,128000,token,TRUE,openai/gpt-4o-mini,openai/gpt-4o-,api,,,,,FALSE,,,,99.9,Standard,None,Tool calls add per-step overhead; usually separate.,"users, qpm, num_tools, chain_depth, avg_steps, tokens_in, tokens_out",FALSE,,,
186,S4,Orchestration & Tool Use,Multi-Tool Router,S4_agentic,FALSE,separate_only,,token,700,300,separate_only,0,FALSE,,50,10,,,,,,,,,,,,,3,4,8,,,openai/gpt-4o,large,128000,token,TRUE,openai/gpt-4o-mini,openai/gpt-4o,api,,,,,FALSE,,,,99.9,Standard,None,Tool calls add per-step overhead; usually separate.,"users, qpm, num_tools, chain_depth, avg_steps, tokens_in, tokens_out",FALSE,,,
187,S4,Orchestration & Tool Use,Web Scrape + Summarize Chain,S4_agentic,FALSE,separate_only,,token,700,300,separate_only,0,FALSE,,50,10,,,,,,,,,,,,,3,4,8,,,openai/gpt-4.1-mini,medium,200000,token,TRUE,openai/gpt-4.1-mini,openai/gpt-4.1-,api,,,,,FALSE,,,,99.9,Standard,None,Tool calls add per-step overhead; usually separate.,"users, qpm, num_tools, chain_depth, avg_steps, tokens_in, tokens_out",FALSE,,,
188,S4,Orchestration & Tool Use,Calendar + Email Agent,S4_agentic,FALSE,separate_only,,token,700,300,separate_only,0,FALSE,,50,10,,,,,,,,,,,,,3,4,8,,,anthropic/claude-3.5-sonnet,large,200000,token,TRUE,anthropic/claude-3.5-sonnet-mini,anthropic/claude-3.5-sonnet,api,,,,,FALSE,,,,99.9,Standard,None,Tool calls add per-step overhead; usually separate.,"users, qpm, num_tools, chain_depth, avg_steps, tokens_in, tokens_out",FALSE,,,
189,S4,Orchestration & Tool Use,CRM Update Agent,S4_agentic,FALSE,separate_only,,token,700,300,separate_only,0,FALSE,,50,10,,,,,,,,,,,,,3,4,8,,,anthropic/claude-3.5-haiku,small,200000,token,TRUE,anthropic/claude-3.5-haiku,anthropic/claude-3.5-sonnet,api,,,,,FALSE,,,,99.9,Standard,None,Tool calls add per-step overhead; usually separate.,"users, qpm, num_tools, chain_depth, avg_steps, tokens_in, tokens_out",FALSE,,,
190,S4,Orchestration & Tool Use,Docs-to-Tickets Agent,S4_agentic,FALSE,separate_only,,token,700,300,separate_only,0,FALSE,,50,10,,,,,,,,,,,,,3,4,8,,,mistral/mistral-medium,medium,32000,token,TRUE,mistral/mistral-medium-mini,mistral/mistral-medium,api,,,,,FALSE,,,,99.9,Standard,None,Tool calls add per-step overhead; usually separate.,"users, qpm, num_tools, chain_depth, avg_steps, tokens_in, tokens_out",FALSE,,,
191,S4,Orchestration & Tool Use,RAG + Action Agent,S4_agentic,FALSE,separate_only,,token,700,300,separate_only,0,FALSE,,50,10,,,,,,,,,,,,,3,4,8,,,mistral/mistral-large,large,64000,token,TRUE,mistral/mistral-large-mini,mistral/mistral-large,api,,,,,FALSE,,,,99.9,Standard,None,Tool calls add per-step overhead; usually separate.,"users, qpm, num_tools, chain_depth, avg_steps, tokens_in, tokens_out",FALSE,,,
192,S4,Orchestration & Tool Use,SQL+RAG Hybrid Agent,S4_agentic,FALSE,separate_only,,token,700,300,separate_only,0,FALSE,,50,10,,,,,,,,,,,,,3,4,8,,,cohere/command-r-plus,large,128000,token,TRUE,cohere/command-r-plus-mini,cohere/command-r-plus,api,,,,,FALSE,,,,99.9,Standard,None,Tool calls add per-step overhead; usually separate.,"users, qpm, num_tools, chain_depth, avg_steps, tokens_in, tokens_out",FALSE,,,
193,S4,Orchestration & Tool Use,Knowledge Routing Agent,S4_agentic,FALSE,separate_only,,token,700,300,separate_only,0,FALSE,,50,10,,,,,,,,,,,,,3,4,8,,,google/gemini-1.5-flash,small,1000000,token,TRUE,google/gemini-1.5-flash,google/ge-1.5-pro,api,,,,,FALSE,,,,99.9,Standard,None,Tool calls add per-step overhead; usually separate.,"users, qpm, num_tools, chain_depth, avg_steps, tokens_in, tokens_out",FALSE,,,
194,S4,Orchestration & Tool Use,QA Triage Agent,S4_agentic,FALSE,separate_only,,token,700,300,separate_only,0,FALSE,,50,10,,,,,,,,,,,,,3,4,8,,,google/gemini-1.5-pro,large,1000000,token,TRUE,google/gemini-1.5-pro,google/ge-1.5-pro,api,,,,,FALSE,,,,99.9,Standard,None,Tool calls add per-step overhead; usually separate.,"users, qpm, num_tools, chain_depth, avg_steps, tokens_in, tokens_out",FALSE,,,
195,S4,Orchestration & Tool Use,Data Enrichment Agent,S4_agentic,FALSE,separate_only,,token,700,300,separate_only,0,FALSE,,50,10,,,,,,,,,,,,,3,4,8,,,openai/gpt-4o-mini,medium,128000,token,TRUE,openai/gpt-4o-mini,openai/gpt-4o-,api,,,,,FALSE,,,,99.9,Standard,None,Tool calls add per-step overhead; usually separate.,"users, qpm, num_tools, chain_depth, avg_steps, tokens_in, tokens_out",FALSE,,,
196,S4,Orchestration & Tool Use,Batch Processing Agent,S4_agentic,FALSE,separate_only,,token,700,300,separate_only,0,FALSE,,50,10,,,,,,,,,,,,,3,4,8,,,openai/gpt-4o,large,128000,token,TRUE,openai/gpt-4o-mini,openai/gpt-4o,api,,,,,FALSE,,,,99.9,Standard,None,Tool calls add per-step overhead; usually separate.,"users, qpm, num_tools, chain_depth, avg_steps, tokens_in, tokens_out",FALSE,,,
197,S4,Orchestration & Tool Use,Weak Supervision Labeling Agent,S4_agentic,FALSE,separate_only,,token,700,300,separate_only,0,FALSE,,50,10,,,,,,,,,,,,,3,4,8,,,openai/gpt-4.1-mini,medium,200000,token,TRUE,openai/gpt-4.1-mini,openai/gpt-4.1-,api,,,,,FALSE,,,,99.9,Standard,None,Tool calls add per-step overhead; usually separate.,"users, qpm, num_tools, chain_depth, avg_steps, tokens_in, tokens_out",FALSE,,,
198,S4,Orchestration & Tool Use,Human-in-the-Loop Review Agent,S4_agentic,FALSE,separate_only,,token,700,300,separate_only,0,FALSE,,50,10,,,,,,,,,,,,,3,4,8,,,anthropic/claude-3.5-sonnet,large,200000,token,TRUE,anthropic/claude-3.5-sonnet-mini,anthropic/claude-3.5-sonnet,api,,,,,FALSE,,,,99.9,Standard,None,Tool calls add per-step overhead; usually separate.,"users, qpm, num_tools, chain_depth, avg_steps, tokens_in, tokens_out",FALSE,,,
199,S4,Orchestration & Tool Use,Planning + Decomposition Agent,S4_agentic,FALSE,separate_only,,token,700,300,separate_only,0,FALSE,,50,10,,,,,,,,,,,,,3,4,8,,,anthropic/claude-3.5-haiku,small,200000,token,TRUE,anthropic/claude-3.5-haiku,anthropic/claude-3.5-sonnet,api,,,,,FALSE,,,,99.9,Standard,None,Tool calls add per-step overhead; usually separate.,"users, qpm, num_tools, chain_depth, avg_steps, tokens_in, tokens_out",FALSE,,,
200,S4,Orchestration & Tool Use,Auto-Eval-in-the-Loop Agent,S4_agentic,FALSE,separate_only,,token,700,300,separate_only,0,FALSE,,50,10,,,,,,,,,,,,,3,4,8,,,mistral/mistral-medium,medium,32000,token,TRUE,mistral/mistral-medium-mini,mistral/mistral-medium,api,,,,,FALSE,,,,99.9,Standard,None,Tool calls add per-step overhead; usually separate.,"users, qpm, num_tools, chain_depth, avg_steps, tokens_in, tokens_out",FALSE,,,
